id,scores
0,0.351341
1,0.361902
2,0.382367
3,0.364483
4,0.377121
5,0.386344
6,0.398527
7,0.421901
8,0.378433
9,0.366582
10,0.363411
11,0.370298
12,0.356575
13,0.415658
14,0.368282
15,0.361720
16,0.362571
17,0.403869
18,0.370487
19,0.366482
20,0.360818
21,0.384531
22,0.378226
23,0.366130
24,0.382456
25,0.393677
26,0.379845
27,0.371225
28,0.422713
29,0.389390
30,0.383837
31,0.372005
32,0.367047
33,0.366972
34,0.354305
35,0.356611
36,0.351402
37,0.356245
38,0.363286
39,0.362131
40,0.366461
41,0.362552
42,0.419491
43,0.367912
44,0.368375
45,0.374238
46,0.379129
47,0.420525
48,0.379168
49,0.383075
50,0.366761
51,0.377621
52,0.383197
53,0.379157
54,0.376063
55,0.372114
56,0.386413
57,0.391196
58,0.380379
59,0.357111
60,0.384237
61,0.352318
62,0.365160
63,0.362794
64,0.372175
65,0.395324
66,0.386852
67,0.358732
68,0.364233
69,0.370607
70,0.363312
71,0.404814
72,0.378304
73,0.388617
74,0.393552
75,0.380430
76,0.385269
77,0.365191
78,0.387731
79,0.359544
80,0.379222
81,0.375699
82,0.387803
83,0.355580
84,0.372394
85,0.433654
86,0.402938
87,0.410202
88,0.364416
89,0.393663
90,0.365558
91,0.364288
92,0.381964
93,0.378757
94,0.375361
95,0.405655
96,0.382909
97,0.368192
98,0.398512
99,0.368663
100,0.402304
101,0.399669
102,0.385516
103,0.384060
104,0.377247
105,0.376037
106,0.366779
107,0.364752
108,0.376365
109,0.397952
110,0.364538
111,0.372903
112,0.407034
113,0.356134
114,0.366134
115,0.371365
116,0.373548
117,0.404253
118,0.367419
119,0.365248
120,0.398893
121,0.385233
122,0.375254
123,0.379068
124,0.400464
125,0.394127
126,0.365620
127,0.384139
128,0.364080
129,0.394765
130,0.369753
131,0.406054
132,0.367380
133,0.401731
134,0.380160
135,0.398924
136,0.366992
137,0.377177
138,0.387663
139,0.384572
140,0.382154
141,0.362319
142,0.423327
143,0.375779
144,0.370556
145,0.379164
146,0.388858
147,0.371548
148,0.388231
149,0.387914
150,0.388245
151,0.347657
152,0.360845
153,0.365239
154,0.370514
155,0.379360
156,0.375731
157,0.373467
158,0.400686
159,0.365205
160,0.353717
161,0.363410
162,0.370221
163,0.367147
164,0.379373
165,0.372209
166,0.364906
167,0.379217
168,0.359417
169,0.360667
170,0.366256
171,0.388128
172,0.379644
173,0.367479
174,0.358197
175,0.367448
176,0.367628
177,0.386300
178,0.357835
179,0.357463
180,0.377511
181,0.356193
182,0.393851
183,0.378930
184,0.358746
185,0.387044
186,0.379335
187,0.401986
188,0.365045
189,0.382214
190,0.407089
191,0.388801
192,0.374664
193,0.376681
194,0.367974
195,0.388287
196,0.374132
197,0.351299
198,0.372558
199,0.358542
200,0.371071
201,0.369804
202,0.379694
203,0.365472
204,0.373518
205,0.370482
206,0.362328
207,0.377730
208,0.388600
209,0.367883
210,0.363888
211,0.364136
212,0.389054
213,0.364650
214,0.387231
215,0.363049
216,0.378019
217,0.376842
218,0.359830
219,0.355182
220,0.377143
221,0.408495
222,0.374625
223,0.386338
224,0.409410
225,0.366177
226,0.383620
227,0.367199
228,0.374773
229,0.365532
230,0.368205
231,0.392144
232,0.378537
233,0.366614
234,0.372001
235,0.368180
236,0.375071
237,0.388508
238,0.400375
239,0.362080
240,0.376996
241,0.373420
242,0.374768
243,0.356583
244,0.385091
245,0.358570
246,0.386035
247,0.378295
248,0.380505
249,0.358547
250,0.357484
251,0.365660
252,0.351123
253,0.369526
254,0.357728
255,0.362639
256,0.380142
257,0.389833
258,0.397229
259,0.383808
260,0.381397
261,0.412069
262,0.353797
263,0.374805
264,0.358987
265,0.400121
266,0.372869
267,0.376225
268,0.357557
269,0.360537
270,0.385390
271,0.375334
272,0.354930
273,0.375898
274,0.374388
275,0.390334
276,0.363995
277,0.368270
278,0.374510
279,0.356452
280,0.380134
281,0.365417
282,0.368812
283,0.376351
284,0.351856
285,0.371756
286,0.402226
287,0.383612
288,0.402421
289,0.391834
290,0.352086
291,0.375697
292,0.368675
293,0.381938
294,0.437279
295,0.363646
296,0.404356
297,0.367841
298,0.357928
299,0.360704
300,0.349682
301,0.357836
302,0.357423
303,0.388240
304,0.360290
305,0.370182
306,0.378170
307,0.385875
308,0.360800
309,0.365514
310,0.374460
311,0.363047
312,0.355294
313,0.361097
314,0.373341
315,0.360916
316,0.398851
317,0.362373
318,0.393406
319,0.360280
320,0.378847
321,0.363103
322,0.370612
323,0.372602
324,0.360211
325,0.358080
326,0.372620
327,0.374396
328,0.380754
329,0.381413
330,0.389016
331,0.399280
332,0.375311
333,0.358014
334,0.361907
335,0.372603
336,0.377048
337,0.374742
338,0.370249
339,0.373225
340,0.392520
341,0.417703
342,0.388341
343,0.362128
344,0.386315
345,0.383969
346,0.393838
347,0.385012
348,0.360161
349,0.381555
350,0.383717
351,0.407277
352,0.400972
353,0.399410
354,0.349831
355,0.379388
356,0.378164
357,0.393561
358,0.404741
359,0.364768
360,0.386369
361,0.369960
362,0.365834
363,0.369454
364,0.388135
365,0.374773
366,0.360842
367,0.374234
368,0.362637
369,0.382380
370,0.371201
371,0.381682
372,0.375626
373,0.385062
374,0.384566
375,0.354409
376,0.393360
377,0.367366
378,0.357392
379,0.360836
380,0.359456
381,0.362911
382,0.367952
383,0.356841
384,0.353253
385,0.360849
386,0.351676
387,0.364145
388,0.374512
389,0.357265
390,0.374584
391,0.362264
392,0.404803
393,0.370979
394,0.351949
395,0.360600
396,0.414094
397,0.371117
398,0.402119
399,0.401329
400,0.360432
401,0.379179
402,0.379796
403,0.388697
404,0.397297
405,0.399688
406,0.377034
407,0.384377
408,0.399567
409,0.367526
410,0.382213
411,0.367366
412,0.382474
413,0.381564
414,0.356036
415,0.388679
416,0.373678
417,0.369570
418,0.358351
419,0.365627
420,0.369886
421,0.384756
422,0.379553
423,0.383517
424,0.380168
425,0.381372
426,0.406443
427,0.373354
428,0.409412
429,0.375375
430,0.376866
431,0.391664
432,0.376263
433,0.366263
434,0.359323
435,0.353965
436,0.357911
437,0.363565
438,0.378253
439,0.384306
440,0.366276
441,0.361378
442,0.372305
443,0.384862
444,0.383886
445,0.382795
446,0.374256
447,0.385311
448,0.390214
449,0.421246
450,0.394660
451,0.363349
452,0.432021
453,0.404571
454,0.369001
455,0.356203
456,0.392374
457,0.366646
458,0.431051
459,0.366396
460,0.424633
461,0.382928
462,0.387916
463,0.367722
464,0.368699
465,0.376397
466,0.365489
467,0.389331
468,0.387872
469,0.378734
470,0.365773
471,0.374052
472,0.382455
473,0.352027
474,0.370682
475,0.371054
476,0.351710
477,0.380029
478,0.392524
479,0.356934
480,0.363105
481,0.359746
482,0.383694
483,0.356151
484,0.408980
485,0.358910
486,0.378900
487,0.371648
488,0.397807
489,0.386690
490,0.363648
491,0.367372
492,0.358975
493,0.368178
494,0.366369
495,0.359698
496,0.365387
497,0.370862
498,0.392030
499,0.393851
500,0.384535
501,0.398150
502,0.393624
503,0.396221
504,0.370285
505,0.375813
506,0.373831
507,0.354845
508,0.376929
509,0.364183
510,0.350235
511,0.409412
512,0.372149
513,0.355589
514,0.354261
515,0.357775
516,0.368102
517,0.409466
518,0.354832
519,0.385870
520,0.384735
521,0.358825
522,0.362669
523,0.373246
524,0.361485
525,0.399467
526,0.375270
527,0.397555
528,0.388129
529,0.387141
530,0.378177
531,0.377789
532,0.366166
533,0.370618
534,0.368975
535,0.400370
536,0.384062
537,0.376901
538,0.366637
539,0.371331
540,0.361571
541,0.391588
542,0.372908
543,0.392204
544,0.364976
545,0.370901
546,0.390188
547,0.382218
548,0.359788
549,0.373610
550,0.367739
551,0.368520
552,0.361946
553,0.366601
554,0.363214
555,0.360964
556,0.374643
557,0.364465
558,0.378091
559,0.378905
560,0.383743
561,0.375556
562,0.370105
563,0.386663
564,0.358503
565,0.375104
566,0.394887
567,0.367378
568,0.367688
569,0.406553
570,0.369886
571,0.354381
572,0.379634
573,0.354198
574,0.362942
575,0.375689
576,0.371519
577,0.368515
578,0.361439
579,0.370522
580,0.360935
581,0.387789
582,0.357693
583,0.381136
584,0.376259
585,0.378202
586,0.360185
587,0.363547
588,0.363914
589,0.367459
590,0.366799
591,0.397604
592,0.369850
593,0.357203
594,0.381124
595,0.360842
596,0.392421
597,0.372045
598,0.403176
599,0.392028
600,0.397911
601,0.379578
602,0.371625
603,0.379475
604,0.372599
605,0.387033
606,0.388553
607,0.383981
608,0.359592
609,0.377838
610,0.366016
611,0.361870
612,0.390246
613,0.361171
614,0.372317
615,0.373976
616,0.373692
617,0.382023
618,0.381718
619,0.371530
620,0.368200
621,0.373956
622,0.360092
623,0.361516
624,0.359985
625,0.356803
626,0.372102
627,0.382586
628,0.374977
629,0.407894
630,0.373205
631,0.374901
632,0.360831
633,0.375982
634,0.398611
635,0.402871
636,0.392503
637,0.403825
638,0.380479
639,0.377172
640,0.372813
641,0.371213
642,0.360346
643,0.359681
644,0.366706
645,0.349625
646,0.389006
647,0.377171
648,0.355635
649,0.356722
650,0.358241
651,0.367639
652,0.366062
653,0.360271
654,0.384124
655,0.366656
656,0.383555
657,0.376653
658,0.372138
659,0.392811
660,0.360389
661,0.391264
662,0.362378
663,0.372297
664,0.367057
665,0.375322
666,0.360508
667,0.362399
668,0.368394
669,0.404514
670,0.379953
671,0.369413
672,0.400228
673,0.362014
674,0.390857
675,0.387130
676,0.387284
677,0.392308
678,0.367360
679,0.366443
680,0.391998
681,0.360621
682,0.371650
683,0.413600
684,0.384154
685,0.416253
686,0.384778
687,0.388935
688,0.414881
689,0.375997
690,0.384929
691,0.397941
692,0.361949
693,0.360983
694,0.377757
695,0.377487
696,0.361797
697,0.380300
698,0.383336
699,0.405272
700,0.379887
701,0.393737
702,0.361734
703,0.363177
704,0.418023
705,0.354737
706,0.360387
707,0.375747
708,0.362259
709,0.364716
710,0.363438
711,0.363260
712,0.395467
713,0.396865
714,0.399614
715,0.388209
716,0.379089
717,0.423883
718,0.378994
719,0.386236
720,0.388442
721,0.401262
722,0.400962
723,0.377300
724,0.368647
725,0.383432
726,0.384904
727,0.370665
728,0.382457
729,0.358757
730,0.355832
731,0.373747
732,0.382244
733,0.384100
734,0.365195
735,0.413777
736,0.372402
737,0.368674
738,0.392721
739,0.377116
740,0.365959
741,0.393554
742,0.364088
743,0.354181
744,0.386749
745,0.384653
746,0.361757
747,0.380075
748,0.374126
749,0.376444
750,0.397277
751,0.371837
752,0.379478
753,0.387920
754,0.386117
755,0.372040
756,0.391659
757,0.369329
758,0.385430
759,0.377684
760,0.371160
761,0.364660
762,0.384745
763,0.357278
764,0.369389
765,0.370402
766,0.351414
767,0.374776
768,0.403417
769,0.371491
770,0.383103
771,0.385773
772,0.384611
773,0.384084
774,0.359013
775,0.378035
776,0.355218
777,0.354383
778,0.388643
779,0.356692
780,0.385164
781,0.372337
782,0.361455
783,0.393881
784,0.395128
785,0.405853
786,0.370435
787,0.359762
788,0.380285
789,0.377105
790,0.384259
791,0.373447
792,0.366914
793,0.354815
794,0.386733
795,0.363923
796,0.404614
797,0.376282
798,0.382632
799,0.398060
800,0.378712
801,0.362683
802,0.398804
803,0.370661
804,0.398452
805,0.415401
806,0.365153
807,0.355987
808,0.371895
809,0.401767
810,0.390771
811,0.394088
812,0.377997
813,0.392649
814,0.378425
815,0.365296
816,0.374996
817,0.364893
818,0.361574
819,0.372205
820,0.353925
821,0.386948
822,0.382410
823,0.362674
824,0.375602
825,0.355745
826,0.388061
827,0.385721
828,0.354853
829,0.379392
830,0.375542
831,0.369278
832,0.366221
833,0.382800
834,0.352171
835,0.356539
836,0.365704
837,0.375220
838,0.363924
839,0.370821
840,0.416666
841,0.373735
842,0.378642
843,0.356799
844,0.353176
845,0.399682
846,0.365571
847,0.420881
848,0.411902
849,0.393853
850,0.414485
851,0.398478
852,0.392597
853,0.388932
854,0.383492
855,0.381208
856,0.371497
857,0.372121
858,0.375471
859,0.379404
860,0.387190
861,0.375633
862,0.401813
863,0.380159
864,0.366695
865,0.362489
866,0.359645
867,0.386045
868,0.392438
869,0.368183
870,0.364776
871,0.404521
872,0.369747
873,0.392915
874,0.387881
875,0.390651
876,0.361258
877,0.371987
878,0.357241
879,0.367652
880,0.364451
881,0.367621
882,0.370100
883,0.390638
884,0.393010
885,0.399825
886,0.380888
887,0.390558
888,0.381945
889,0.369147
890,0.361134
891,0.407267
892,0.385031
893,0.384684
894,0.363935
895,0.370887
896,0.354707
897,0.371289
898,0.360492
899,0.366114
900,0.361963
901,0.365506
902,0.400088
903,0.363003
904,0.363746
905,0.361736
906,0.368896
907,0.399829
908,0.366782
909,0.422656
910,0.356194
911,0.366555
912,0.385395
913,0.384188
914,0.381098
915,0.385114
916,0.355223
917,0.362927
918,0.382375
919,0.366651
920,0.372539
921,0.376072
922,0.384543
923,0.374953
924,0.384804
925,0.393484
926,0.395629
927,0.384953
928,0.374209
929,0.424133
930,0.364462
931,0.374983
932,0.391008
933,0.412606
934,0.429041
935,0.388019
936,0.373787
937,0.385304
938,0.399023
939,0.381290
940,0.380560
941,0.369554
942,0.369543
943,0.365376
944,0.408629
945,0.371066
946,0.416078
947,0.435614
948,0.366241
949,0.416665
950,0.381169
951,0.356687
952,0.373766
953,0.405614
954,0.368498
955,0.380626
956,0.366621
957,0.406193
958,0.453931
959,0.372954
960,0.395531
961,0.393102
962,0.374758
963,0.434699
964,0.378375
965,0.383967
966,0.382098
967,0.415681
968,0.382506
969,0.379260
970,0.350765
971,0.360516
972,0.368151
973,0.374183
974,0.380604
975,0.380406
976,0.365495
977,0.378912
978,0.372848
979,0.371003
980,0.390340
981,0.365487
982,0.372827
983,0.363340
984,0.351022
985,0.361798
986,0.370524
987,0.378710
988,0.381990
989,0.380662
990,0.376429
991,0.378197
992,0.370335
993,0.369696
994,0.402302
995,0.377806
996,0.388597
997,0.378744
998,0.420452
999,0.401590
1000,0.427785
1001,0.406930
1002,0.407056
1003,0.359651
1004,0.416568
1005,0.391586
1006,0.377731
1007,0.389703
1008,0.389572
1009,0.374841
1010,0.376150
1011,0.373646
1012,0.371434
1013,0.377025
1014,0.368912
1015,0.430989
1016,0.357615
1017,0.378734
1018,0.381032
1019,0.362525
1020,0.375272
1021,0.417855
1022,0.427544
1023,0.378151
1024,0.385425
1025,0.369269
1026,0.419063
1027,0.375376
1028,0.378820
1029,0.432204
1030,0.365081
1031,0.445487
1032,0.412754
1033,0.445454
1034,0.376639
1035,0.361385
1036,0.426249
1037,0.350527
1038,0.352991
1039,0.389499
1040,0.383255
1041,0.368568
1042,0.389054
1043,0.360935
1044,0.386405
1045,0.365354
1046,0.400758
1047,0.368483
1048,0.379082
1049,0.371790
1050,0.362187
1051,0.359712
1052,0.362670
1053,0.368945
1054,0.370859
1055,0.366027
1056,0.407987
1057,0.376294
1058,0.360690
1059,0.363748
1060,0.364781
1061,0.368632
1062,0.376262
1063,0.363891
1064,0.381098
1065,0.382475
1066,0.362035
1067,0.368884
1068,0.388464
1069,0.380527
1070,0.370368
1071,0.372254
1072,0.371314
1073,0.398908
1074,0.410157
1075,0.394626
1076,0.368947
1077,0.387120
1078,0.374683
1079,0.365541
1080,0.361829
1081,0.384650
1082,0.355623
1083,0.378932
1084,0.391792
1085,0.356118
1086,0.364921
1087,0.361927
1088,0.372967
1089,0.373154
1090,0.407241
1091,0.406581
1092,0.352746
1093,0.447188
1094,0.383845
1095,0.373839
1096,0.377031
1097,0.427947
1098,0.364809
1099,0.356139
1100,0.375546
1101,0.371762
1102,0.365373
1103,0.373539
1104,0.403028
1105,0.370996
1106,0.387126
1107,0.397880
1108,0.378107
1109,0.355410
1110,0.384056
1111,0.369052
1112,0.357529
1113,0.416996
1114,0.374017
1115,0.365530
1116,0.377927
1117,0.406322
1118,0.401992
1119,0.363086
1120,0.361429
1121,0.402634
1122,0.377690
1123,0.356351
1124,0.395232
1125,0.379486
1126,0.399209
1127,0.368294
1128,0.390468
1129,0.452302
1130,0.368220
1131,0.359472
1132,0.378249
1133,0.389972
1134,0.358793
1135,0.367500
1136,0.350678
1137,0.358749
1138,0.389038
1139,0.396719
1140,0.375107
1141,0.372674
1142,0.391295
1143,0.376269
1144,0.354734
1145,0.377361
1146,0.383957
1147,0.378507
1148,0.389715
1149,0.410153
1150,0.367440
1151,0.383170
1152,0.376652
1153,0.370278
1154,0.382597
1155,0.372674
1156,0.380786
1157,0.397461
1158,0.388332
1159,0.369884
1160,0.368782
1161,0.372241
1162,0.386837
1163,0.372256
1164,0.367854
1165,0.390908
1166,0.364247
1167,0.402945
1168,0.388936
1169,0.395876
1170,0.362184
1171,0.373534
1172,0.377331
1173,0.376516
1174,0.376414
1175,0.369425
1176,0.413295
1177,0.369853
1178,0.393604
1179,0.365035
1180,0.378339
1181,0.358666
1182,0.368723
1183,0.368460
1184,0.360242
1185,0.376199
1186,0.389676
1187,0.376440
1188,0.371589
1189,0.388522
1190,0.385964
1191,0.378665
1192,0.377470
1193,0.360151
1194,0.367538
1195,0.386901
1196,0.374351
1197,0.358761
1198,0.375222
1199,0.368262
1200,0.370538
1201,0.369078
1202,0.401204
1203,0.392704
1204,0.355311
1205,0.362716
1206,0.362718
1207,0.353124
1208,0.363799
1209,0.362809
1210,0.359098
1211,0.362507
1212,0.366940
1213,0.357766
1214,0.367195
1215,0.380329
1216,0.357734
1217,0.372752
1218,0.400066
1219,0.365612
1220,0.375741
1221,0.397159
1222,0.410552
1223,0.396092
1224,0.372636
1225,0.369142
1226,0.363375
1227,0.381590
1228,0.381865
1229,0.388825
1230,0.387762
1231,0.389213
1232,0.379541
1233,0.372159
1234,0.386971
1235,0.407737
1236,0.371708
1237,0.368735
1238,0.395192
1239,0.393271
1240,0.390109
1241,0.395594
1242,0.360354
1243,0.386292
1244,0.394103
1245,0.380892
1246,0.383247
1247,0.363514
1248,0.372123
1249,0.387734
1250,0.409143
1251,0.368228
1252,0.380190
1253,0.368439
1254,0.374703
1255,0.358346
1256,0.352229
1257,0.378251
1258,0.370683
1259,0.388334
1260,0.382621
1261,0.387065
1262,0.390125
1263,0.373052
1264,0.373660
1265,0.360558
1266,0.380626
1267,0.377193
1268,0.386819
1269,0.374999
1270,0.358408
1271,0.372528
1272,0.390710
1273,0.367099
1274,0.370971
1275,0.361783
1276,0.435320
1277,0.375274
1278,0.376548
1279,0.394183
1280,0.432494
1281,0.412973
1282,0.383883
1283,0.358528
1284,0.387239
1285,0.362143
1286,0.376467
1287,0.380941
1288,0.378953
1289,0.373060
1290,0.360170
1291,0.372233
1292,0.366816
1293,0.373185
1294,0.399308
1295,0.362537
1296,0.378641
1297,0.395969
1298,0.380706
1299,0.392473
1300,0.387468
1301,0.384350
1302,0.429528
1303,0.379888
1304,0.366093
1305,0.413507
1306,0.382556
1307,0.402886
1308,0.426501
1309,0.376479
1310,0.424450
1311,0.443654
1312,0.370190
1313,0.359982
1314,0.393058
1315,0.373221
1316,0.363897
1317,0.378172
1318,0.378498
1319,0.385937
1320,0.379560
1321,0.368233
1322,0.397042
1323,0.394153
1324,0.374823
1325,0.380055
1326,0.363314
1327,0.394879
1328,0.354924
1329,0.383303
1330,0.395698
1331,0.388296
1332,0.360835
1333,0.365783
1334,0.358774
1335,0.354975
1336,0.348426
1337,0.367002
1338,0.373592
1339,0.414694
1340,0.400224
1341,0.393546
1342,0.376156
1343,0.409351
1344,0.383014
1345,0.379436
1346,0.400761
1347,0.369705
1348,0.365907
1349,0.396628
1350,0.355946
1351,0.385460
1352,0.376793
1353,0.375474
1354,0.374011
1355,0.370834
1356,0.388921
1357,0.376631
1358,0.371528
1359,0.401212
1360,0.378074
1361,0.404190
1362,0.356617
1363,0.367302
1364,0.388718
1365,0.380381
1366,0.372068
1367,0.360961
1368,0.386792
1369,0.358780
1370,0.400821
1371,0.364374
1372,0.371975
1373,0.379791
1374,0.358230
1375,0.406495
1376,0.392981
1377,0.363850
1378,0.384553
1379,0.378945
1380,0.366549
1381,0.360743
1382,0.370951
1383,0.432299
1384,0.355635
1385,0.371123
1386,0.413384
1387,0.376371
1388,0.388413
1389,0.385823
1390,0.366391
1391,0.379816
1392,0.366782
1393,0.381211
1394,0.368868
1395,0.392954
1396,0.385942
1397,0.378844
1398,0.359617
1399,0.363625
1400,0.374012
1401,0.370883
1402,0.378504
1403,0.368966
1404,0.373980
1405,0.362362
1406,0.386967
1407,0.365832
1408,0.368610
1409,0.357413
1410,0.391057
1411,0.377335
1412,0.367106
1413,0.375058
1414,0.372470
1415,0.359597
1416,0.409620
1417,0.377510
1418,0.368523
1419,0.382318
1420,0.386717
1421,0.393212
1422,0.363270
1423,0.374364
1424,0.389903
1425,0.390160
1426,0.375873
1427,0.371672
1428,0.376408
1429,0.370102
1430,0.385652
1431,0.363033
1432,0.396459
1433,0.372293
1434,0.391369
1435,0.392604
1436,0.357118
1437,0.381167
1438,0.401193
1439,0.410065
1440,0.358185
1441,0.362857
1442,0.371627
1443,0.355792
1444,0.369886
1445,0.361831
1446,0.353930
1447,0.371967
1448,0.398760
1449,0.375712
1450,0.384078
1451,0.399142
1452,0.370022
1453,0.371696
1454,0.366278
1455,0.366166
1456,0.381013
1457,0.376364
1458,0.360352
1459,0.387597
1460,0.374003
1461,0.365600
1462,0.384964
1463,0.446602
1464,0.446759
1465,0.381319
1466,0.457296
1467,0.381371
1468,0.422020
1469,0.405254
1470,0.442300
1471,0.370563
1472,0.419537
1473,0.409626
1474,0.425943
1475,0.430617
1476,0.370848
1477,0.470150
1478,0.375037
1479,0.432952
1480,0.433372
1481,0.418048
1482,0.365192
1483,0.385157
1484,0.387141
1485,0.369267
1486,0.350310
1487,0.365525
1488,0.359027
1489,0.373945
1490,0.380954
1491,0.384189
1492,0.353983
1493,0.357579
1494,0.357563
1495,0.357135
1496,0.366988
1497,0.362629
1498,0.364875
1499,0.364107
1500,0.361563
1501,0.390329
1502,0.377922
1503,0.365200
1504,0.387061
1505,0.383217
1506,0.375291
1507,0.356634
1508,0.388809
1509,0.396171
1510,0.387418
1511,0.381397
1512,0.379336
1513,0.365740
1514,0.377331
1515,0.381449
1516,0.399284
1517,0.370229
1518,0.371824
1519,0.377226
1520,0.372034
1521,0.381968
1522,0.362331
1523,0.385900
1524,0.360143
1525,0.358208
1526,0.392881
1527,0.383761
1528,0.359232
1529,0.372290
1530,0.354127
1531,0.390032
1532,0.382328
1533,0.400769
1534,0.383938
1535,0.385572
1536,0.374676
1537,0.398029
1538,0.353146
1539,0.373390
1540,0.379409
1541,0.376939
1542,0.375639
1543,0.387844
1544,0.364628
1545,0.358969
1546,0.369717
1547,0.379825
1548,0.365290
1549,0.385235
1550,0.350802
1551,0.378115
1552,0.398116
1553,0.354994
1554,0.377058
1555,0.372027
1556,0.393995
1557,0.368138
1558,0.384045
1559,0.392066
1560,0.363126
1561,0.367771
1562,0.362373
1563,0.382595
1564,0.387426
1565,0.380738
1566,0.389673
1567,0.381967
1568,0.368461
1569,0.386435
1570,0.400139
1571,0.382529
1572,0.359233
1573,0.387843
1574,0.400171
1575,0.383415
1576,0.373764
1577,0.397456
1578,0.381569
1579,0.350697
1580,0.373336
1581,0.397698
1582,0.395896
1583,0.375669
1584,0.361648
1585,0.377951
1586,0.406710
1587,0.379671
1588,0.366442
1589,0.362860
1590,0.368915
1591,0.362636
1592,0.364432
1593,0.392543
1594,0.396664
1595,0.355045
1596,0.359326
1597,0.354540
1598,0.377646
1599,0.377090
1600,0.375052
1601,0.376857
1602,0.390405
1603,0.370581
1604,0.391166
1605,0.379173
1606,0.388652
1607,0.425925
1608,0.425057
1609,0.375506
1610,0.358388
1611,0.391375
1612,0.367586
1613,0.367080
1614,0.371815
1615,0.387371
1616,0.374406
1617,0.379448
1618,0.378002
1619,0.372047
1620,0.368050
1621,0.404435
1622,0.383617
1623,0.369706
1624,0.361108
1625,0.372984
1626,0.375805
1627,0.369187
1628,0.360679
1629,0.428582
1630,0.364638
1631,0.360943
1632,0.357892
1633,0.370849
1634,0.384754
1635,0.357567
1636,0.379457
1637,0.355068
1638,0.363055
1639,0.364684
1640,0.384212
1641,0.385319
1642,0.361010
1643,0.356154
1644,0.368742
1645,0.362159
1646,0.391391
1647,0.435705
1648,0.383854
1649,0.377039
1650,0.370018
1651,0.360995
1652,0.376702
1653,0.375801
1654,0.371338
1655,0.361363
1656,0.358015
1657,0.376338
1658,0.369382
1659,0.373786
1660,0.385463
1661,0.358230
1662,0.353596
1663,0.414320
1664,0.370594
1665,0.361518
1666,0.367412
1667,0.361269
1668,0.373431
1669,0.364355
1670,0.381346
1671,0.375006
1672,0.390084
1673,0.409481
1674,0.368937
1675,0.382456
1676,0.412235
1677,0.393557
1678,0.382068
1679,0.403159
1680,0.391347
1681,0.371321
1682,0.425630
1683,0.370337
1684,0.361727
1685,0.441868
1686,0.402520
1687,0.391198
1688,0.398352
1689,0.387175
1690,0.360591
1691,0.409306
1692,0.385724
1693,0.367293
1694,0.370159
1695,0.433914
1696,0.358497
1697,0.374575
1698,0.392463
1699,0.387013
1700,0.381059
1701,0.362884
1702,0.388975
1703,0.388706
1704,0.377124
1705,0.369118
1706,0.355618
1707,0.386985
1708,0.383858
1709,0.397089
1710,0.387722
1711,0.403152
1712,0.376939
1713,0.375633
1714,0.380370
1715,0.381044
1716,0.370473
1717,0.365419
1718,0.360186
1719,0.366244
1720,0.429139
1721,0.366460
1722,0.393716
1723,0.367793
1724,0.380894
1725,0.360547
1726,0.400912
1727,0.364542
1728,0.375648
1729,0.372276
1730,0.368050
1731,0.364663
1732,0.368461
1733,0.373841
1734,0.384868
1735,0.372124
1736,0.410760
1737,0.393941
1738,0.360550
1739,0.374586
1740,0.395269
1741,0.390678
1742,0.359411
1743,0.396686
1744,0.376992
1745,0.380325
1746,0.381948
1747,0.387133
1748,0.397888
1749,0.379412
1750,0.378191
1751,0.396594
1752,0.359540
1753,0.379671
1754,0.399776
1755,0.386577
1756,0.369272
1757,0.384729
1758,0.375391
1759,0.389223
1760,0.383376
1761,0.355298
1762,0.378956
1763,0.389373
1764,0.391592
1765,0.368431
1766,0.353280
1767,0.387409
1768,0.369222
1769,0.388857
1770,0.380462
1771,0.370494
1772,0.369406
1773,0.365682
1774,0.355783
1775,0.369822
1776,0.365087
1777,0.364762
1778,0.389152
1779,0.370402
1780,0.359807
1781,0.371008
1782,0.375937
1783,0.358669
1784,0.366300
1785,0.411065
1786,0.384167
1787,0.372439
1788,0.361752
1789,0.360522
1790,0.365097
1791,0.401211
1792,0.368547
1793,0.355688
1794,0.364432
1795,0.361227
1796,0.366363
1797,0.360006
1798,0.367412
1799,0.363117
1800,0.375558
1801,0.373614
1802,0.374116
1803,0.393876
1804,0.393897
1805,0.413670
1806,0.367550
1807,0.380206
1808,0.410143
1809,0.376244
1810,0.374063
1811,0.362464
1812,0.365956
1813,0.363356
1814,0.434173
1815,0.358722
1816,0.371902
1817,0.372441
1818,0.425131
1819,0.358474
1820,0.359357
1821,0.373040
1822,0.360565
1823,0.357526
1824,0.373105
1825,0.362142
1826,0.422573
1827,0.358931
1828,0.363710
1829,0.363270
1830,0.383125
1831,0.390043
1832,0.389800
1833,0.380723
1834,0.394228
1835,0.413626
1836,0.392604
1837,0.393893
1838,0.381746
1839,0.377466
1840,0.363527
1841,0.373834
1842,0.378140
1843,0.376570
1844,0.407438
1845,0.367461
1846,0.373796
1847,0.408114
1848,0.373079
1849,0.373476
1850,0.402454
1851,0.394584
1852,0.394042
1853,0.378922
1854,0.354608
1855,0.372518
1856,0.403681
1857,0.365143
1858,0.394510
1859,0.406807
1860,0.366536
1861,0.361064
1862,0.370691
1863,0.360509
1864,0.381026
1865,0.363752
1866,0.360213
1867,0.362162
1868,0.379489
1869,0.380012
1870,0.367562
1871,0.358774
1872,0.367594
1873,0.372628
1874,0.375895
1875,0.362550
1876,0.370621
1877,0.391100
1878,0.356209
1879,0.367563
1880,0.384368
1881,0.364271
1882,0.370960
1883,0.386101
1884,0.389240
1885,0.385745
1886,0.373078
1887,0.360348
1888,0.384370
1889,0.369609
1890,0.376173
1891,0.367816
1892,0.368168
1893,0.365942
1894,0.360374
1895,0.368282
1896,0.371399
1897,0.366801
1898,0.386478
1899,0.380176
1900,0.388195
1901,0.356764
1902,0.397953
1903,0.358889
1904,0.355941
1905,0.391154
1906,0.379323
1907,0.390853
1908,0.364956
1909,0.381333
1910,0.373944
1911,0.374316
1912,0.388151
1913,0.379687
1914,0.362214
1915,0.369008
1916,0.389671
1917,0.378210
1918,0.418038
1919,0.375945
1920,0.378774
1921,0.379053
1922,0.375881
1923,0.359925
1924,0.386124
1925,0.387760
1926,0.357635
1927,0.368699
1928,0.370914
1929,0.369014
1930,0.372925
1931,0.364792
1932,0.373327
1933,0.374550
1934,0.363653
1935,0.375105
1936,0.356821
1937,0.359370
1938,0.382754
1939,0.382247
1940,0.368822
1941,0.370749
1942,0.352733
1943,0.365135
1944,0.368282
1945,0.392688
1946,0.368758
1947,0.381788
1948,0.377449
1949,0.379255
1950,0.379056
1951,0.389684
1952,0.364519
1953,0.401463
1954,0.406522
1955,0.359015
1956,0.400678
1957,0.377985
1958,0.382129
1959,0.370578
1960,0.390399
1961,0.363777
1962,0.364045
1963,0.383665
1964,0.358234
1965,0.371299
1966,0.394103
1967,0.389395
1968,0.362962
1969,0.384940
1970,0.369779
1971,0.384679
1972,0.358198
1973,0.360957
1974,0.356261
1975,0.359091
1976,0.356755
1977,0.356946
1978,0.369025
1979,0.362014
1980,0.367141
1981,0.396193
1982,0.378136
1983,0.381962
1984,0.372738
1985,0.411452
1986,0.389706
1987,0.368983
1988,0.401039
1989,0.378609
1990,0.371981
1991,0.399007
1992,0.403211
1993,0.399335
1994,0.401489
1995,0.364947
1996,0.375428
1997,0.365072
1998,0.393088
1999,0.399812
2000,0.403944
2001,0.368286
2002,0.373424
2003,0.375936
2004,0.358863
2005,0.407806
2006,0.377637
2007,0.403541
2008,0.406510
2009,0.383239
2010,0.356580
2011,0.356794
2012,0.383366
2013,0.395449
2014,0.353113
2015,0.373516
2016,0.394616
2017,0.397145
2018,0.388130
2019,0.401168
2020,0.381848
2021,0.387222
2022,0.386776
2023,0.362239
2024,0.353017
2025,0.409364
2026,0.353485
2027,0.377776
2028,0.365282
2029,0.376424
2030,0.389984
2031,0.372144
2032,0.367050
2033,0.369544
2034,0.367122
2035,0.397333
2036,0.355779
2037,0.358090
2038,0.364131
2039,0.351439
2040,0.359013
2041,0.360935
2042,0.388059
2043,0.365052
2044,0.369539
2045,0.369756
2046,0.371481
2047,0.363376
2048,0.381387
2049,0.371639
2050,0.361761
2051,0.369512
2052,0.358418
2053,0.384189
2054,0.363846
2055,0.362162
2056,0.362280
2057,0.362959
2058,0.401275
2059,0.385730
2060,0.371869
2061,0.380440
2062,0.365198
2063,0.364747
2064,0.361433
2065,0.364482
2066,0.392719
2067,0.352348
2068,0.372425
2069,0.374076
2070,0.400099
2071,0.370535
2072,0.428537
2073,0.377862
2074,0.366637
2075,0.376025
2076,0.366002
2077,0.377966
2078,0.381854
2079,0.385201
2080,0.395739
2081,0.367532
2082,0.362727
2083,0.370189
2084,0.396186
2085,0.359868
2086,0.381864
2087,0.364457
2088,0.369873
2089,0.379214
2090,0.359526
2091,0.407385
2092,0.378286
2093,0.387743
2094,0.421437
2095,0.393871
2096,0.369552
2097,0.355703
2098,0.362684
2099,0.377075
2100,0.400587
2101,0.388666
2102,0.355049
2103,0.390310
2104,0.391608
2105,0.360696
2106,0.383131
2107,0.393594
2108,0.418672
2109,0.377774
2110,0.371143
2111,0.360034
2112,0.385878
2113,0.378467
2114,0.394404
2115,0.374546
2116,0.365105
2117,0.366236
2118,0.384222
2119,0.380087
2120,0.402331
2121,0.371754
2122,0.365097
2123,0.388590
2124,0.383735
2125,0.398928
2126,0.365237
2127,0.371558
2128,0.370961
2129,0.368639
2130,0.365076
2131,0.359569
2132,0.388771
2133,0.359130
2134,0.381441
2135,0.362403
2136,0.391944
2137,0.364850
2138,0.354788
2139,0.361614
2140,0.382290
2141,0.372790
2142,0.378078
2143,0.374145
2144,0.413807
2145,0.406381
2146,0.403471
2147,0.357468
2148,0.381326
2149,0.406804
2150,0.354133
2151,0.412943
2152,0.360539
2153,0.393719
2154,0.359710
2155,0.371373
2156,0.374972
2157,0.356495
2158,0.356467
2159,0.359198
2160,0.379208
2161,0.359213
2162,0.374791
2163,0.389923
2164,0.399455
2165,0.359744
2166,0.379196
2167,0.394912
2168,0.399466
2169,0.369204
2170,0.391514
2171,0.381762
2172,0.419092
2173,0.429714
2174,0.359229
2175,0.372544
2176,0.370192
2177,0.382870
2178,0.362101
2179,0.377380
2180,0.375183
2181,0.393132
2182,0.365734
2183,0.373693
2184,0.388139
2185,0.376949
2186,0.374831
2187,0.374897
2188,0.386214
2189,0.388320
2190,0.390083
2191,0.377002
2192,0.411312
2193,0.364837
2194,0.412887
2195,0.367543
2196,0.356451
2197,0.398775
2198,0.402827
2199,0.391950
2200,0.387903
2201,0.378682
2202,0.401532
2203,0.381522
2204,0.366044
2205,0.385898
2206,0.382946
2207,0.389499
2208,0.372259
2209,0.401933
2210,0.377514
2211,0.375643
2212,0.368752
2213,0.387534
2214,0.352305
2215,0.389660
2216,0.356993
2217,0.384048
2218,0.372465
2219,0.359431
2220,0.379185
2221,0.380417
2222,0.406233
2223,0.398320
2224,0.373712
2225,0.369695
2226,0.375765
2227,0.371969
2228,0.370858
2229,0.384515
2230,0.379143
2231,0.395440
2232,0.417052
2233,0.371461
2234,0.378550
2235,0.386842
2236,0.384320
2237,0.377182
2238,0.389878
2239,0.374062
2240,0.389631
2241,0.388330
2242,0.422617
2243,0.370501
2244,0.391940
2245,0.363805
2246,0.387322
2247,0.389748
2248,0.376698
2249,0.397908
2250,0.357635
2251,0.372601
2252,0.380360
2253,0.381467
2254,0.370874
2255,0.362312
2256,0.365397
2257,0.367330
2258,0.353194
2259,0.368907
2260,0.409413
2261,0.362859
2262,0.367431
2263,0.409590
2264,0.394415
2265,0.397421
2266,0.365886
2267,0.378743
2268,0.376854
2269,0.396229
2270,0.379390
2271,0.390775
2272,0.387939
2273,0.376028
2274,0.363733
2275,0.370775
2276,0.393242
2277,0.390740
2278,0.384401
2279,0.399848
2280,0.381825
2281,0.385143
2282,0.365622
2283,0.381305
2284,0.381663
2285,0.391875
2286,0.364557
2287,0.360151
2288,0.380841
2289,0.374354
2290,0.396509
2291,0.385818
2292,0.384661
2293,0.353342
2294,0.362411
2295,0.376119
2296,0.391704
2297,0.367769
2298,0.356184
2299,0.366476
2300,0.440528
2301,0.374668
2302,0.387534
2303,0.371282
2304,0.384560
2305,0.383215
2306,0.398407
2307,0.393176
2308,0.366130
2309,0.383412
2310,0.362309
2311,0.398638
2312,0.387704
2313,0.391924
2314,0.391951
2315,0.383682
2316,0.392969
2317,0.401331
2318,0.396974
2319,0.394794
2320,0.381930
2321,0.398629
2322,0.367992
2323,0.390612
2324,0.406343
2325,0.368725
2326,0.382049
2327,0.398105
2328,0.385619
2329,0.377504
2330,0.379827
2331,0.369218
2332,0.393160
2333,0.389594
2334,0.385126
2335,0.376986
2336,0.386363
2337,0.368593
2338,0.370926
2339,0.371698
2340,0.388357
2341,0.371894
2342,0.373207
2343,0.359476
2344,0.373623
2345,0.364680
2346,0.373631
2347,0.355350
2348,0.383298
2349,0.366525
2350,0.382427
2351,0.370871
2352,0.378636
2353,0.368450
2354,0.384906
2355,0.380142
2356,0.389201
2357,0.390158
2358,0.376714
2359,0.370472
2360,0.374916
2361,0.402042
2362,0.374395
2363,0.370692
2364,0.364063
2365,0.361392
2366,0.361831
2367,0.384406
2368,0.364300
2369,0.368063
2370,0.367755
2371,0.413609
2372,0.363521
2373,0.359053
2374,0.360218
2375,0.363423
2376,0.369999
2377,0.374232
2378,0.374375
2379,0.383004
2380,0.364958
2381,0.392143
2382,0.379287
2383,0.377330
2384,0.355398
2385,0.379570
2386,0.371860
2387,0.397557
2388,0.376742
2389,0.356792
2390,0.384498
2391,0.368462
2392,0.367790
2393,0.366776
2394,0.366528
2395,0.360954
2396,0.364078
2397,0.378718
2398,0.375122
2399,0.380366
2400,0.385225
2401,0.426221
2402,0.376090
2403,0.367460
2404,0.368336
2405,0.370811
2406,0.361449
2407,0.355030
2408,0.362159
2409,0.383247
2410,0.366069
2411,0.408514
2412,0.358797
2413,0.353885
2414,0.375411
2415,0.359177
2416,0.356084
2417,0.395114
2418,0.397075
2419,0.378494
2420,0.365571
2421,0.373810
2422,0.382316
2423,0.365461
2424,0.371165
2425,0.384684
2426,0.366455
2427,0.376352
2428,0.392077
2429,0.366059
2430,0.384967
2431,0.382573
2432,0.365972
2433,0.376625
2434,0.353534
2435,0.370536
2436,0.366688
2437,0.362857
2438,0.359054
2439,0.362601
2440,0.359552
2441,0.376962
2442,0.357169
2443,0.376143
2444,0.384080
2445,0.364085
2446,0.380879
2447,0.382898
2448,0.385413
2449,0.361705
2450,0.375800
2451,0.373651
2452,0.379925
2453,0.373353
2454,0.386846
2455,0.361960
2456,0.371987
2457,0.365505
2458,0.386712
2459,0.360207
2460,0.369187
2461,0.378625
2462,0.354154
2463,0.403915
2464,0.372863
2465,0.404653
2466,0.362563
2467,0.355596
2468,0.369833
2469,0.366175
2470,0.379576
2471,0.358663
2472,0.358710
2473,0.418306
2474,0.390258
2475,0.389701
2476,0.375834
2477,0.397541
2478,0.359587
2479,0.375330
2480,0.402866
2481,0.376268
2482,0.390500
2483,0.369150
2484,0.391641
2485,0.359251
2486,0.359867
2487,0.376086
2488,0.358780
2489,0.355494
2490,0.380551
2491,0.367957
2492,0.376615
2493,0.383979
2494,0.436622
2495,0.367549
2496,0.372728
2497,0.395383
2498,0.379197
2499,0.406405
2500,0.366816
2501,0.373487
2502,0.384741
2503,0.429504
2504,0.371612
2505,0.371792
2506,0.363919
2507,0.370185
2508,0.398826
2509,0.357482
2510,0.364256
2511,0.381346
2512,0.388249
2513,0.383607
2514,0.373415
2515,0.362622
2516,0.358331
2517,0.403312
2518,0.376812
2519,0.408691
2520,0.389670
2521,0.384671
2522,0.387888
2523,0.358813
2524,0.398273
2525,0.366903
2526,0.362085
2527,0.373308
2528,0.372395
2529,0.373888
2530,0.372848
2531,0.363393
2532,0.419276
2533,0.387013
2534,0.359357
2535,0.363802
2536,0.367680
2537,0.367642
2538,0.377344
2539,0.396651
2540,0.365096
2541,0.401822
2542,0.402552
2543,0.369470
2544,0.365059
2545,0.421755
2546,0.368926
2547,0.378143
2548,0.373010
2549,0.366889
2550,0.377059
2551,0.369870
2552,0.382032
2553,0.369616
2554,0.381623
2555,0.368052
2556,0.386909
2557,0.376300
2558,0.381558
2559,0.376986
2560,0.378389
2561,0.363341
2562,0.360001
2563,0.377976
2564,0.383256
2565,0.372300
2566,0.367200
2567,0.362359
2568,0.372447
2569,0.397646
2570,0.366090
2571,0.378938
2572,0.356576
2573,0.399838
2574,0.394000
2575,0.372534
2576,0.442688
2577,0.363926
2578,0.366884
2579,0.379109
2580,0.364886
2581,0.374599
2582,0.374653
2583,0.358434
2584,0.403719
2585,0.366533
2586,0.376386
2587,0.371425
2588,0.373935
2589,0.374706
2590,0.401606
2591,0.409079
2592,0.382833
2593,0.378926
2594,0.360647
2595,0.399513
2596,0.358742
2597,0.376135
2598,0.387649
2599,0.364315
2600,0.359779
2601,0.399077
2602,0.365176
2603,0.383650
2604,0.383550
2605,0.381831
2606,0.361418
2607,0.357516
2608,0.378317
2609,0.372322
2610,0.369967
2611,0.362272
2612,0.389306
2613,0.372124
2614,0.353408
2615,0.369474
2616,0.388783
2617,0.358748
2618,0.378091
2619,0.360098
2620,0.368580
2621,0.385909
2622,0.377770
2623,0.366192
2624,0.365231
2625,0.408176
2626,0.377148
2627,0.367607
2628,0.395381
2629,0.402417
2630,0.370017
2631,0.387721
2632,0.377823
2633,0.371837
2634,0.398305
2635,0.379694
2636,0.382545
2637,0.387575
2638,0.356074
2639,0.365733
2640,0.392078
2641,0.375070
2642,0.360825
2643,0.364615
2644,0.354930
2645,0.370598
2646,0.376406
2647,0.362930
2648,0.378346
2649,0.375698
2650,0.367237
2651,0.408332
2652,0.373047
2653,0.363882
2654,0.381023
2655,0.377701
2656,0.393533
2657,0.368059
2658,0.419809
2659,0.377649
2660,0.373970
2661,0.363378
2662,0.386345
2663,0.394196
2664,0.380188
2665,0.378951
2666,0.353078
2667,0.396990
2668,0.380336
2669,0.387643
2670,0.358823
2671,0.407535
2672,0.367559
2673,0.416600
2674,0.401760
2675,0.376653
2676,0.409028
2677,0.387567
2678,0.399342
2679,0.382813
2680,0.363612
2681,0.390504
2682,0.371231
2683,0.366112
2684,0.353605
2685,0.367448
2686,0.431784
2687,0.348941
2688,0.378543
2689,0.401848
2690,0.382763
2691,0.400188
2692,0.385586
2693,0.381161
2694,0.381540
2695,0.383042
2696,0.420445
2697,0.431060
2698,0.357605
2699,0.388459
2700,0.371978
2701,0.387572
2702,0.379910
2703,0.410247
2704,0.380810
2705,0.383298
2706,0.359188
2707,0.377682
2708,0.369838
2709,0.368213
2710,0.372239
2711,0.375457
2712,0.354293
2713,0.353397
2714,0.369998
2715,0.396104
2716,0.355903
2717,0.351102
2718,0.360417
2719,0.368580
2720,0.357304
2721,0.384276
2722,0.352355
2723,0.358894
2724,0.378458
2725,0.364563
2726,0.388768
2727,0.398380
2728,0.373699
2729,0.369846
2730,0.393472
2731,0.369359
2732,0.360877
2733,0.364830
2734,0.399566
2735,0.371129
2736,0.367734
2737,0.365864
2738,0.386637
2739,0.368957
2740,0.363360
2741,0.420697
2742,0.378994
2743,0.364693
2744,0.372817
2745,0.390548
2746,0.375216
2747,0.365877
2748,0.382450
2749,0.370968
2750,0.353399
2751,0.407238
2752,0.375361
2753,0.448886
2754,0.380050
2755,0.387929
2756,0.368796
2757,0.403100
2758,0.381149
2759,0.363273
2760,0.411451
2761,0.364635
2762,0.392307
2763,0.381997
2764,0.380228
2765,0.375348
2766,0.365951
2767,0.375277
2768,0.389978
2769,0.357821
2770,0.386437
2771,0.387584
2772,0.368988
2773,0.360758
2774,0.402431
2775,0.397678
2776,0.389219
2777,0.398205
2778,0.372297
2779,0.369336
2780,0.353989
2781,0.397024
2782,0.352459
2783,0.353362
2784,0.360006
2785,0.370466
2786,0.442239
2787,0.363407
2788,0.357201
2789,0.369663
2790,0.355973
2791,0.369752
2792,0.364148
2793,0.405694
2794,0.401226
2795,0.384864
2796,0.365446
2797,0.373536
2798,0.360034
2799,0.387872
2800,0.374982
2801,0.361761
2802,0.410638
2803,0.355523
2804,0.390587
2805,0.374277
2806,0.367537
2807,0.367541
2808,0.364562
2809,0.381710
2810,0.383722
2811,0.373988
2812,0.373217
2813,0.349558
2814,0.373810
2815,0.376105
2816,0.446852
2817,0.366120
2818,0.375517
2819,0.371341
2820,0.378727
2821,0.358813
2822,0.360148
2823,0.371520
2824,0.382056
2825,0.361166
2826,0.355157
2827,0.353114
2828,0.362042
2829,0.364918
2830,0.382043
2831,0.369343
2832,0.366968
2833,0.361944
2834,0.362185
2835,0.357195
2836,0.369541
2837,0.383806
2838,0.372000
2839,0.373688
2840,0.375340
2841,0.359162
2842,0.371699
2843,0.373175
2844,0.421441
2845,0.419439
2846,0.368074
2847,0.377516
2848,0.397253
2849,0.374278
2850,0.371307
2851,0.378918
2852,0.362122
2853,0.398637
2854,0.375177
2855,0.376519
2856,0.373174
2857,0.356205
2858,0.402559
2859,0.402351
2860,0.395181
2861,0.368746
2862,0.368198
2863,0.375885
2864,0.355203
2865,0.375979
2866,0.368514
2867,0.392898
2868,0.376207
2869,0.378374
2870,0.380398
2871,0.384562
2872,0.381205
2873,0.388073
2874,0.370853
2875,0.363795
2876,0.381468
2877,0.363130
2878,0.369904
2879,0.354387
2880,0.375268
2881,0.380496
2882,0.379706
2883,0.422018
2884,0.387521
2885,0.425387
2886,0.383275
2887,0.371954
2888,0.393297
2889,0.366725
2890,0.383104
2891,0.410011
2892,0.373760
2893,0.360992
2894,0.372496
2895,0.371524
2896,0.382934
2897,0.369761
2898,0.372153
2899,0.374878
2900,0.371534
2901,0.364877
2902,0.363453
2903,0.358396
2904,0.363960
2905,0.363826
2906,0.360981
2907,0.363968
2908,0.389128
2909,0.356356
2910,0.363771
2911,0.371975
2912,0.366534
2913,0.364506
2914,0.362143
2915,0.368740
2916,0.358128
2917,0.361696
2918,0.408032
2919,0.375972
2920,0.403775
2921,0.427445
2922,0.401391
2923,0.378106
2924,0.350561
2925,0.354051
2926,0.369059
2927,0.381801
2928,0.373277
2929,0.426548
2930,0.391731
2931,0.387160
2932,0.358507
2933,0.396911
2934,0.403260
2935,0.361318
2936,0.416961
2937,0.365001
2938,0.368264
2939,0.369133
2940,0.373969
2941,0.377483
2942,0.354699
2943,0.368098
2944,0.362982
2945,0.372538
2946,0.388919
2947,0.365468
2948,0.432816
2949,0.382216
2950,0.378936
2951,0.385611
2952,0.399575
2953,0.389481
2954,0.372627
2955,0.392333
2956,0.368046
2957,0.359102
2958,0.400800
2959,0.373778
2960,0.400496
2961,0.376616
2962,0.376553
2963,0.397382
2964,0.376425
2965,0.367501
2966,0.363663
2967,0.393523
2968,0.397988
2969,0.380544
2970,0.388647
2971,0.386168
2972,0.382669
2973,0.398766
2974,0.445054
2975,0.408983
2976,0.401363
2977,0.401821
2978,0.374544
2979,0.384740
2980,0.392778
2981,0.354421
2982,0.406711
2983,0.371601
2984,0.384675
2985,0.367186
2986,0.382034
2987,0.363067
2988,0.396921
2989,0.368141
2990,0.361960
2991,0.388833
2992,0.391758
2993,0.380642
2994,0.391124
2995,0.370391
2996,0.360460
2997,0.362986
2998,0.360240
2999,0.360004
3000,0.424536
3001,0.355109
3002,0.386400
3003,0.377275
3004,0.383602
3005,0.373924
3006,0.362314
3007,0.366370
3008,0.367962
3009,0.374187
3010,0.378337
3011,0.373351
3012,0.391672
3013,0.381157
3014,0.375176
3015,0.379034
3016,0.384180
3017,0.399928
3018,0.373174
3019,0.376370
3020,0.377418
3021,0.372806
3022,0.386440
3023,0.370243
3024,0.383949
3025,0.386541
3026,0.400470
3027,0.373645
3028,0.361756
3029,0.388415
3030,0.376156
3031,0.377465
3032,0.359965
3033,0.390734
3034,0.376998
3035,0.367620
3036,0.397534
3037,0.371024
3038,0.369960
3039,0.370512
3040,0.387771
3041,0.383392
3042,0.363187
3043,0.367598
3044,0.382881
3045,0.354102
3046,0.387913
3047,0.377228
3048,0.359621
3049,0.356106
3050,0.354282
3051,0.367965
3052,0.367304
3053,0.368169
3054,0.407759
3055,0.368835
3056,0.361392
3057,0.360327
3058,0.363425
3059,0.364160
3060,0.384629
3061,0.363773
3062,0.412733
3063,0.367238
3064,0.362525
3065,0.354033
3066,0.383180
3067,0.357535
3068,0.382754
3069,0.361430
3070,0.386011
3071,0.392704
3072,0.367194
3073,0.398438
3074,0.376032
3075,0.367445
3076,0.355268
3077,0.368199
3078,0.366213
3079,0.413449
3080,0.417023
3081,0.365856
3082,0.382481
3083,0.353731
3084,0.376198
3085,0.370584
3086,0.393804
3087,0.388086
3088,0.408738
3089,0.377559
3090,0.371994
3091,0.371638
3092,0.443091
3093,0.393969
3094,0.406670
3095,0.398889
3096,0.374757
3097,0.366076
3098,0.374818
3099,0.377882
3100,0.370984
3101,0.375521
3102,0.383161
3103,0.380907
3104,0.386620
3105,0.365950
3106,0.404151
3107,0.368984
3108,0.365312
3109,0.382092
3110,0.360241
3111,0.392165
3112,0.352070
3113,0.398054
3114,0.365889
3115,0.373202
3116,0.360342
3117,0.399475
3118,0.371724
3119,0.360665
3120,0.381987
3121,0.366180
3122,0.373386
3123,0.384773
3124,0.389304
3125,0.375355
3126,0.362770
3127,0.414375
3128,0.429679
3129,0.429019
3130,0.405977
3131,0.388899
3132,0.386191
3133,0.360495
3134,0.375648
3135,0.395470
3136,0.365301
3137,0.362838
3138,0.357180
3139,0.409801
3140,0.412124
3141,0.384141
3142,0.360153
3143,0.399643
3144,0.432730
3145,0.360750
3146,0.371347
3147,0.377578
3148,0.368518
3149,0.368304
3150,0.371328
3151,0.364886
3152,0.367154
3153,0.368167
3154,0.360378
3155,0.367188
3156,0.364116
3157,0.374354
3158,0.368552
3159,0.393497
3160,0.382118
3161,0.372462
3162,0.367601
3163,0.405652
3164,0.381016
3165,0.378063
3166,0.373628
3167,0.367466
3168,0.381753
3169,0.367105
3170,0.378714
3171,0.376141
3172,0.370803
3173,0.375440
3174,0.385693
3175,0.368458
3176,0.394340
3177,0.376310
3178,0.382890
3179,0.353968
3180,0.383276
3181,0.378655
3182,0.425502
3183,0.359834
3184,0.408237
3185,0.390449
3186,0.400233
3187,0.380507
3188,0.381196
3189,0.376786
3190,0.363030
3191,0.368235
3192,0.370658
3193,0.390769
3194,0.362046
3195,0.392856
3196,0.383041
3197,0.402461
3198,0.386367
3199,0.358399
3200,0.396569
3201,0.350558
3202,0.364405
3203,0.372849
3204,0.354810
3205,0.387646
3206,0.403816
3207,0.362432
3208,0.385335
3209,0.353275
3210,0.364766
3211,0.368729
3212,0.358471
3213,0.361872
3214,0.370086
3215,0.366428
3216,0.367994
3217,0.366683
3218,0.360011
3219,0.362018
3220,0.369904
3221,0.370365
3222,0.383972
3223,0.381273
3224,0.370076
3225,0.358355
3226,0.430758
3227,0.364246
3228,0.369266
3229,0.373433
3230,0.353516
3231,0.371051
3232,0.385629
3233,0.350016
3234,0.387712
3235,0.364989
3236,0.360098
3237,0.369953
3238,0.375187
3239,0.388064
3240,0.376904
3241,0.388348
3242,0.363930
3243,0.379813
3244,0.368230
3245,0.379108
3246,0.350983
3247,0.383284
3248,0.361805
3249,0.377193
3250,0.359512
3251,0.386109
3252,0.371012
3253,0.376389
3254,0.373856
3255,0.362543
3256,0.391467
3257,0.354440
3258,0.379727
3259,0.404178
3260,0.358424
3261,0.386517
3262,0.383641
3263,0.361992
3264,0.394349
3265,0.403713
3266,0.366643
3267,0.353281
3268,0.373475
3269,0.381091
3270,0.358196
3271,0.362824
3272,0.397168
3273,0.366093
3274,0.375933
3275,0.362633
3276,0.381859
3277,0.387144
3278,0.369523
3279,0.389010
3280,0.362834
3281,0.371767
3282,0.376329
3283,0.384024
3284,0.389931
3285,0.395888
3286,0.361505
3287,0.360870
3288,0.364492
3289,0.421499
3290,0.404606
3291,0.366990
3292,0.360465
3293,0.439472
3294,0.357577
3295,0.370058
3296,0.410179
3297,0.385566
3298,0.363343
3299,0.362811
3300,0.374074
3301,0.373053
3302,0.359210
3303,0.356151
3304,0.361302
3305,0.359562
3306,0.358775
3307,0.360528
3308,0.400507
3309,0.369442
3310,0.362484
3311,0.360019
3312,0.357473
3313,0.362198
3314,0.352618
3315,0.401039
3316,0.399655
3317,0.385331
3318,0.350809
3319,0.367761
3320,0.371260
3321,0.382074
3322,0.373524
3323,0.374143
3324,0.383781
3325,0.372414
3326,0.389108
3327,0.377411
3328,0.375393
3329,0.364421
3330,0.375259
3331,0.365368
3332,0.371398
3333,0.373073
3334,0.374027
3335,0.363966
3336,0.366897
3337,0.375776
3338,0.399566
3339,0.382553
3340,0.364379
3341,0.363606
3342,0.373067
3343,0.365966
3344,0.363543
3345,0.366536
3346,0.381719
3347,0.411579
3348,0.377035
3349,0.381897
3350,0.365656
3351,0.364885
3352,0.403024
3353,0.422835
3354,0.389623
3355,0.369346
3356,0.364776
3357,0.405081
3358,0.395384
3359,0.374819
3360,0.390847
3361,0.355819
3362,0.383636
3363,0.368557
3364,0.372297
3365,0.373257
3366,0.373566
3367,0.366289
3368,0.403048
3369,0.372730
3370,0.361948
3371,0.394810
3372,0.391240
3373,0.387152
3374,0.356746
3375,0.370732
3376,0.394623
3377,0.363880
3378,0.375853
3379,0.377100
3380,0.363157
3381,0.398443
3382,0.381597
3383,0.368223
3384,0.369008
3385,0.359566
3386,0.352372
3387,0.393675
3388,0.381425
3389,0.430059
3390,0.368497
3391,0.406784
3392,0.368443
3393,0.352388
3394,0.365393
3395,0.361463
3396,0.361901
3397,0.368640
3398,0.358233
3399,0.356023
3400,0.378215
3401,0.382845
3402,0.360944
3403,0.402623
3404,0.368095
3405,0.425403
3406,0.400185
3407,0.371419
3408,0.371068
3409,0.375533
3410,0.416682
3411,0.408668
3412,0.376186
3413,0.385102
3414,0.378432
3415,0.383606
3416,0.390589
3417,0.371065
3418,0.376521
3419,0.379710
3420,0.411990
3421,0.387820
3422,0.387838
3423,0.370977
3424,0.385073
3425,0.361452
3426,0.362302
3427,0.390750
3428,0.371209
3429,0.369722
3430,0.370321
3431,0.365972
3432,0.382060
3433,0.367020
3434,0.391595
3435,0.373264
3436,0.363486
3437,0.375936
3438,0.367971
3439,0.362670
3440,0.363075
3441,0.429985
3442,0.369307
3443,0.374263
3444,0.357223
3445,0.384863
3446,0.362907
3447,0.383139
3448,0.377008
3449,0.384435
3450,0.370144
3451,0.374943
3452,0.368215
3453,0.379166
3454,0.383270
3455,0.366123
3456,0.388664
3457,0.377166
3458,0.383108
3459,0.401550
3460,0.357306
3461,0.359073
3462,0.379120
3463,0.351054
3464,0.366899
3465,0.352716
3466,0.394382
3467,0.387951
3468,0.377127
3469,0.376780
3470,0.374339
3471,0.388015
3472,0.374953
3473,0.371620
3474,0.360338
3475,0.395022
3476,0.374761
3477,0.359409
3478,0.362551
3479,0.392690
3480,0.372084
3481,0.375786
3482,0.387898
3483,0.386149
3484,0.370297
3485,0.392693
3486,0.400324
3487,0.372177
3488,0.374431
3489,0.383597
3490,0.377898
3491,0.384250
3492,0.380053
3493,0.373448
3494,0.374879
3495,0.375110
3496,0.357506
3497,0.384851
3498,0.398369
3499,0.360338
3500,0.392464
3501,0.410793
3502,0.354148
3503,0.395847
3504,0.358871
3505,0.379634
3506,0.366389
3507,0.389190
3508,0.359023
3509,0.369799
3510,0.391357
3511,0.385051
3512,0.358359
3513,0.359347
3514,0.355813
3515,0.372746
3516,0.362564
3517,0.366780
3518,0.354234
3519,0.356665
3520,0.356363
3521,0.392273
3522,0.362372
3523,0.386207
3524,0.362151
3525,0.381637
3526,0.376192
3527,0.376272
3528,0.407306
3529,0.354223
3530,0.391204
3531,0.363419
3532,0.380030
3533,0.382552
3534,0.374499
3535,0.355565
3536,0.376275
3537,0.366128
3538,0.391268
3539,0.403672
3540,0.360906
3541,0.389557
3542,0.380130
3543,0.360915
3544,0.360823
3545,0.397321
3546,0.376656
3547,0.387334
3548,0.363018
3549,0.388102
3550,0.368522
3551,0.383605
3552,0.372234
3553,0.375767
3554,0.389188
3555,0.396286
3556,0.368573
3557,0.371741
3558,0.363836
3559,0.411369
3560,0.402372
3561,0.372796
3562,0.364083
3563,0.392136
3564,0.365279
3565,0.367532
3566,0.384483
3567,0.380088
3568,0.376581
3569,0.369180
3570,0.367092
3571,0.372145
3572,0.361400
3573,0.369102
3574,0.355380
3575,0.363750
3576,0.362048
3577,0.356595
3578,0.400674
3579,0.357017
3580,0.406194
3581,0.368606
3582,0.366966
3583,0.374058
3584,0.375458
3585,0.361056
3586,0.412713
3587,0.418786
3588,0.376729
3589,0.368094
3590,0.384286
3591,0.395592
3592,0.372067
3593,0.366567
3594,0.382494
3595,0.384733
3596,0.378920
3597,0.380105
3598,0.380508
3599,0.390643
3600,0.370333
3601,0.368576
3602,0.389519
3603,0.372757
3604,0.383587
3605,0.356361
3606,0.351734
3607,0.390488
3608,0.379476
3609,0.395105
3610,0.398055
3611,0.358322
3612,0.363222
3613,0.358508
3614,0.412414
3615,0.380539
3616,0.367179
3617,0.382403
3618,0.363273
3619,0.365694
3620,0.393192
3621,0.405687
3622,0.357345
3623,0.356493
3624,0.354198
3625,0.358898
3626,0.357414
3627,0.363983
3628,0.369948
3629,0.370438
3630,0.355897
3631,0.358908
3632,0.378257
3633,0.402859
3634,0.399079
3635,0.396202
3636,0.396990
3637,0.390959
3638,0.393773
3639,0.390502
3640,0.391372
3641,0.399056
3642,0.415706
3643,0.372708
3644,0.376578
3645,0.382688
3646,0.356596
3647,0.381360
3648,0.396888
3649,0.385174
3650,0.405430
3651,0.358478
3652,0.386417
3653,0.393167
3654,0.423204
3655,0.376131
3656,0.372184
3657,0.359186
3658,0.383435
3659,0.407173
3660,0.390893
3661,0.375562
3662,0.388292
3663,0.388030
3664,0.369462
3665,0.365715
3666,0.413603
3667,0.398567
3668,0.381452
3669,0.406040
3670,0.381777
3671,0.395430
3672,0.391229
3673,0.380482
3674,0.384751
3675,0.389553
3676,0.362406
3677,0.394051
3678,0.370375
3679,0.398760
3680,0.382087
3681,0.356562
3682,0.355419
3683,0.362826
3684,0.373914
3685,0.375104
3686,0.440891
3687,0.382359
3688,0.361162
3689,0.386625
3690,0.437300
3691,0.370586
3692,0.354817
3693,0.367229
3694,0.393260
3695,0.356749
3696,0.373854
3697,0.359546
3698,0.353494
3699,0.370837
3700,0.365238
3701,0.375364
3702,0.380042
3703,0.395809
3704,0.370692
3705,0.396717
3706,0.382603
3707,0.388088
3708,0.383750
3709,0.437052
3710,0.383650
3711,0.395525
3712,0.360064
3713,0.359115
3714,0.363362
3715,0.359163
3716,0.377789
3717,0.359003
3718,0.360847
3719,0.369256
3720,0.369922
3721,0.410417
3722,0.356125
3723,0.395714
3724,0.384634
3725,0.364998
3726,0.361617
3727,0.361155
3728,0.380601
3729,0.380833
3730,0.367699
3731,0.403529
3732,0.358215
3733,0.373383
3734,0.407202
3735,0.394474
3736,0.360076
3737,0.364759
3738,0.358433
3739,0.379440
3740,0.370046
3741,0.363684
3742,0.361464
3743,0.356569
3744,0.425588
3745,0.361380
3746,0.409759
3747,0.361101
3748,0.360218
3749,0.373464
3750,0.367512
3751,0.361862
3752,0.368577
3753,0.369906
3754,0.416731
3755,0.393252
3756,0.388933
3757,0.400469
3758,0.385080
3759,0.361905
3760,0.390048
3761,0.361823
3762,0.390201
3763,0.372087
3764,0.377924
3765,0.375557
3766,0.369817
3767,0.355678
3768,0.366219
3769,0.353724
3770,0.429323
3771,0.417571
3772,0.391813
3773,0.362254
3774,0.409396
3775,0.363123
3776,0.373189
3777,0.409773
3778,0.368127
3779,0.382679
3780,0.382327
3781,0.359866
3782,0.382758
3783,0.424774
3784,0.360980
3785,0.411604
3786,0.373761
3787,0.370321
3788,0.409579
3789,0.381673
3790,0.381330
3791,0.395884
3792,0.376191
3793,0.398739
3794,0.368247
3795,0.366749
3796,0.391336
3797,0.379949
3798,0.370392
3799,0.381049
3800,0.365894
3801,0.409842
3802,0.356778
3803,0.359923
3804,0.369728
3805,0.366134
3806,0.374967
3807,0.365835
3808,0.367463
3809,0.361125
3810,0.367196
3811,0.366604
3812,0.357697
3813,0.366602
3814,0.376758
3815,0.371013
3816,0.370754
3817,0.367977
3818,0.366645
3819,0.369374
3820,0.379644
3821,0.366881
3822,0.384658
3823,0.382401
3824,0.368154
3825,0.359363
3826,0.407259
3827,0.369777
3828,0.365308
3829,0.376425
3830,0.356799
3831,0.359356
3832,0.360108
3833,0.375143
3834,0.373605
3835,0.374801
3836,0.398814
3837,0.353820
3838,0.380720
3839,0.361996
3840,0.374875
3841,0.359488
3842,0.364650
3843,0.364018
3844,0.419307
3845,0.373239
3846,0.386766
3847,0.350980
3848,0.428828
3849,0.395678
3850,0.387759
3851,0.364707
3852,0.413117
3853,0.420435
3854,0.358823
3855,0.389951
3856,0.380957
3857,0.403316
3858,0.366020
3859,0.368175
3860,0.443324
3861,0.411071
3862,0.400862
3863,0.380650
3864,0.371783
3865,0.362788
3866,0.398374
3867,0.357027
3868,0.390255
3869,0.378122
3870,0.380189
3871,0.380023
3872,0.382331
3873,0.401373
3874,0.361692
3875,0.352648
3876,0.362630
3877,0.400180
3878,0.393560
3879,0.373937
3880,0.376595
3881,0.410677
3882,0.406605
3883,0.435392
3884,0.394638
3885,0.410229
3886,0.381279
3887,0.373496
3888,0.374182
3889,0.371438
3890,0.372264
3891,0.373039
3892,0.369405
3893,0.378812
3894,0.371431
3895,0.380452
3896,0.376719
3897,0.388987
3898,0.388506
3899,0.370638
3900,0.375816
3901,0.366986
3902,0.354685
3903,0.372353
3904,0.358503
3905,0.445811
3906,0.371279
3907,0.360955
3908,0.361388
3909,0.379934
3910,0.373013
3911,0.408842
3912,0.363980
3913,0.364287
3914,0.363086
3915,0.368328
3916,0.353218
3917,0.371668
3918,0.372525
3919,0.392859
3920,0.388905
3921,0.364662
3922,0.361847
3923,0.387895
3924,0.357779
3925,0.379051
3926,0.361483
3927,0.364433
3928,0.418970
3929,0.377262
3930,0.365305
3931,0.390591
3932,0.390808
3933,0.386475
3934,0.374242
3935,0.350553
3936,0.363276
3937,0.386757
3938,0.355658
3939,0.374126
3940,0.381535
3941,0.383282
3942,0.378089
3943,0.373913
3944,0.375772
3945,0.379361
3946,0.413692
3947,0.374777
3948,0.375203
3949,0.415219
3950,0.405652
3951,0.365151
3952,0.370837
3953,0.361533
3954,0.402564
3955,0.402665
3956,0.364895
3957,0.386963
3958,0.366590
3959,0.375128
3960,0.406955
3961,0.365678
3962,0.368737
3963,0.377988
3964,0.357305
3965,0.382145
3966,0.372939
3967,0.374346
3968,0.384321
3969,0.366422
3970,0.353606
3971,0.376386
3972,0.378507
3973,0.357745
3974,0.363914
3975,0.376027
3976,0.415911
3977,0.400613
3978,0.392091
3979,0.404533
3980,0.362986
3981,0.378152
3982,0.365360
3983,0.360453
3984,0.382880
3985,0.363430
3986,0.403838
3987,0.401410
3988,0.388529
3989,0.393431
3990,0.378367
3991,0.399553
3992,0.374805
3993,0.357156
3994,0.384239
3995,0.387105
3996,0.361021
3997,0.363297
3998,0.391112
3999,0.385176
4000,0.354390
4001,0.370813
4002,0.364493
4003,0.390006
4004,0.364213
4005,0.370249
4006,0.423022
4007,0.366634
4008,0.378131
4009,0.380907
4010,0.360817
4011,0.382550
4012,0.376591
4013,0.381823
4014,0.379874
4015,0.365073
4016,0.377954
4017,0.392059
4018,0.391134
4019,0.398287
4020,0.372760
4021,0.391468
4022,0.369072
4023,0.374075
4024,0.379231
4025,0.366854
4026,0.391856
4027,0.395918
4028,0.386249
4029,0.393087
4030,0.375573
4031,0.376601
4032,0.382069
4033,0.392348
4034,0.387103
4035,0.416249
4036,0.385019
4037,0.403305
4038,0.364211
4039,0.362419
4040,0.396683
4041,0.356845
4042,0.393516
4043,0.367600
4044,0.363523
4045,0.406425
4046,0.406094
4047,0.367200
4048,0.374183
4049,0.364259
4050,0.373173
4051,0.357046
4052,0.381283
4053,0.365133
4054,0.375726
4055,0.370556
4056,0.388180
4057,0.373276
4058,0.402094
4059,0.381104
4060,0.387004
4061,0.383422
4062,0.384450
4063,0.370933
4064,0.396473
4065,0.403923
4066,0.355071
4067,0.385002
4068,0.416553
4069,0.373243
4070,0.398623
4071,0.376147
4072,0.401941
4073,0.383859
4074,0.370813
4075,0.401199
4076,0.389695
4077,0.496020
4078,0.369006
4079,0.423487
4080,0.389637
4081,0.424665
4082,0.403798
4083,0.366561
4084,0.355182
4085,0.394687
4086,0.426459
4087,0.394112
4088,0.384823
4089,0.406199
4090,0.371580
4091,0.387885
4092,0.381927
4093,0.387235
4094,0.388068
4095,0.375601
4096,0.373806
4097,0.376107
4098,0.401097
4099,0.400105
4100,0.413426
4101,0.366197
4102,0.406938
4103,0.389211
4104,0.374233
4105,0.387519
4106,0.387778
4107,0.370174
4108,0.395108
4109,0.374552
4110,0.378688
4111,0.392596
4112,0.403986
4113,0.392165
4114,0.355348
4115,0.382327
4116,0.370517
4117,0.364410
4118,0.378417
4119,0.397697
4120,0.368342
4121,0.375716
4122,0.388029
4123,0.378156
4124,0.407146
4125,0.392597
4126,0.375318
4127,0.368644
4128,0.393101
4129,0.378222
4130,0.377875
4131,0.388029
4132,0.376997
4133,0.389499
4134,0.389754
4135,0.380146
4136,0.352615
4137,0.398341
4138,0.370127
4139,0.357556
4140,0.374751
4141,0.364050
4142,0.420258
4143,0.362479
4144,0.368385
4145,0.360553
4146,0.386168
4147,0.374356
4148,0.371331
4149,0.374885
4150,0.371599
4151,0.365680
4152,0.361423
4153,0.375310
4154,0.394868
4155,0.358855
4156,0.381320
4157,0.378915
4158,0.412658
4159,0.385942
4160,0.365933
4161,0.391724
4162,0.385780
4163,0.374972
4164,0.375109
4165,0.427992
4166,0.380733
4167,0.365340
4168,0.369846
4169,0.364062
4170,0.360685
4171,0.356508
4172,0.377803
4173,0.372517
4174,0.409883
4175,0.365500
4176,0.375919
4177,0.395495
4178,0.369590
4179,0.372930
4180,0.376171
4181,0.355060
4182,0.377385
4183,0.369012
4184,0.363757
4185,0.383163
4186,0.359003
4187,0.386292
4188,0.366719
4189,0.362885
4190,0.373122
4191,0.357693
4192,0.366024
4193,0.371001
4194,0.364380
4195,0.380619
4196,0.367331
4197,0.364272
4198,0.419908
4199,0.382095
4200,0.378519
4201,0.383662
4202,0.420624
4203,0.357720
4204,0.390099
4205,0.380620
4206,0.397932
4207,0.375606
4208,0.364407
4209,0.399758
4210,0.355250
4211,0.403184
4212,0.398017
4213,0.378253
4214,0.375093
4215,0.365999
4216,0.355404
4217,0.356572
4218,0.358344
4219,0.362541
4220,0.378527
4221,0.374460
4222,0.354355
4223,0.359367
4224,0.366542
4225,0.368454
4226,0.422512
4227,0.395215
4228,0.354660
4229,0.379628
4230,0.379197
4231,0.361313
4232,0.361532
4233,0.364196
4234,0.362059
4235,0.382362
4236,0.388600
4237,0.380635
4238,0.366938
4239,0.380219
4240,0.387700
4241,0.362224
4242,0.374091
4243,0.377465
4244,0.403708
4245,0.371666
4246,0.413625
4247,0.376052
4248,0.387420
4249,0.380583
4250,0.399006
4251,0.373729
4252,0.367869
4253,0.376861
4254,0.373617
4255,0.387485
4256,0.406294
4257,0.362862
4258,0.373596
4259,0.375107
4260,0.382649
4261,0.391006
4262,0.353053
4263,0.372332
4264,0.389941
4265,0.363014
4266,0.372802
4267,0.368458
4268,0.378881
4269,0.374920
4270,0.367749
4271,0.367379
4272,0.394392
4273,0.366319
4274,0.409685
4275,0.381651
4276,0.384083
4277,0.391790
4278,0.414423
4279,0.379267
4280,0.372688
4281,0.355731
4282,0.374401
4283,0.375124
4284,0.368327
4285,0.386767
4286,0.377826
4287,0.356848
4288,0.394495
4289,0.359210
4290,0.408772
4291,0.367860
4292,0.368549
4293,0.356054
4294,0.365554
4295,0.362125
4296,0.405142
4297,0.397057
4298,0.361408
4299,0.402599
4300,0.371602
4301,0.363919
4302,0.359115
4303,0.357016
4304,0.378893
4305,0.366143
4306,0.381821
4307,0.360969
4308,0.377983
4309,0.372000
4310,0.408086
4311,0.368438
4312,0.412405
4313,0.362228
4314,0.365089
4315,0.368563
4316,0.366005
4317,0.356964
4318,0.365080
4319,0.388065
4320,0.371906
4321,0.409902
4322,0.377740
4323,0.379882
4324,0.363331
4325,0.359642
4326,0.362464
4327,0.368182
4328,0.379115
4329,0.390712
4330,0.409138
4331,0.373299
4332,0.354896
4333,0.389230
4334,0.364270
4335,0.370418
4336,0.431589
4337,0.365822
4338,0.381049
4339,0.395750
4340,0.372105
4341,0.388402
4342,0.375365
4343,0.382073
4344,0.389697
4345,0.378093
4346,0.391673
4347,0.371759
4348,0.386190
4349,0.387995
4350,0.358267
4351,0.360955
4352,0.392879
4353,0.371453
4354,0.398856
4355,0.358200
4356,0.372721
4357,0.375667
4358,0.383727
4359,0.385798
4360,0.386600
4361,0.361260
4362,0.370358
4363,0.396141
4364,0.372300
4365,0.404883
4366,0.392407
4367,0.379738
4368,0.365931
4369,0.375620
4370,0.380579
4371,0.369678
4372,0.367669
4373,0.360353
4374,0.358942
4375,0.375850
4376,0.363354
4377,0.411519
4378,0.378695
4379,0.381875
4380,0.371365
4381,0.402639
4382,0.365794
4383,0.365407
4384,0.362572
4385,0.374772
4386,0.358729
4387,0.372165
4388,0.389884
4389,0.383860
4390,0.365205
4391,0.386741
4392,0.393017
4393,0.351105
4394,0.376860
4395,0.374377
4396,0.370742
4397,0.368660
4398,0.367269
4399,0.364632
4400,0.373782
4401,0.361798
4402,0.391647
4403,0.366851
4404,0.373667
4405,0.354879
4406,0.367114
4407,0.370683
4408,0.372205
4409,0.376052
4410,0.371876
4411,0.370118
4412,0.386930
4413,0.360528
4414,0.376273
4415,0.361515
4416,0.385395
4417,0.393090
4418,0.368659
4419,0.370893
4420,0.364345
4421,0.360906
4422,0.409283
4423,0.406389
4424,0.385985
4425,0.416494
4426,0.362520
4427,0.361683
4428,0.361272
4429,0.373328
4430,0.369907
4431,0.423791
4432,0.364123
4433,0.386566
4434,0.362453
4435,0.365178
4436,0.373411
4437,0.379470
4438,0.370373
4439,0.391792
4440,0.375661
4441,0.362467
4442,0.355103
4443,0.370903
4444,0.392290
4445,0.367246
4446,0.361419
4447,0.380618
4448,0.410009
4449,0.380018
4450,0.378065
4451,0.390894
4452,0.362657
4453,0.363289
4454,0.364790
4455,0.386356
4456,0.387418
4457,0.365370
4458,0.398579
4459,0.364487
4460,0.360572
4461,0.377162
4462,0.362603
4463,0.361308
4464,0.372630
4465,0.378687
4466,0.373603
4467,0.360550
4468,0.405927
4469,0.385071
4470,0.376071
4471,0.363363
4472,0.399733
4473,0.355563
4474,0.378235
4475,0.374469
4476,0.381241
4477,0.364684
4478,0.398152
4479,0.354841
4480,0.370715
4481,0.385151
4482,0.387501
4483,0.386920
4484,0.375880
4485,0.363986
4486,0.388097
4487,0.363078
4488,0.369608
4489,0.372978
4490,0.378624
4491,0.387573
4492,0.373841
4493,0.390052
4494,0.369676
4495,0.381637
4496,0.362904
4497,0.368821
4498,0.373156
4499,0.446294
4500,0.369035
4501,0.380474
4502,0.378983
4503,0.370636
4504,0.380888
4505,0.394832
4506,0.382838
4507,0.377970
4508,0.379271
4509,0.378003
4510,0.377780
4511,0.398647
4512,0.380073
4513,0.354033
4514,0.368313
4515,0.359110
4516,0.376177
4517,0.415007
4518,0.362460
4519,0.390859
4520,0.363623
4521,0.368239
4522,0.390284
4523,0.373996
4524,0.373080
4525,0.361108
4526,0.400388
4527,0.397031
4528,0.371561
4529,0.386884
4530,0.363577
4531,0.382116
4532,0.363380
4533,0.404435
4534,0.399138
4535,0.393294
4536,0.409932
4537,0.379220
4538,0.367993
4539,0.382082
4540,0.397957
4541,0.398402
4542,0.369973
4543,0.374134
4544,0.382843
4545,0.380514
4546,0.360711
4547,0.376851
4548,0.355447
4549,0.383144
4550,0.385550
4551,0.432942
4552,0.380001
4553,0.396120
4554,0.383443
4555,0.366037
4556,0.363745
4557,0.389282
4558,0.355573
4559,0.355049
4560,0.384507
4561,0.393848
4562,0.366247
4563,0.369960
4564,0.357801
4565,0.360513
4566,0.381669
4567,0.366397
4568,0.360148
4569,0.381894
4570,0.358754
4571,0.376578
4572,0.408859
4573,0.385484
4574,0.361613
4575,0.360359
4576,0.362540
4577,0.406404
4578,0.370106
4579,0.417422
4580,0.361511
4581,0.363466
4582,0.364273
4583,0.363275
4584,0.358362
4585,0.392481
4586,0.367864
4587,0.397741
4588,0.422062
4589,0.386331
4590,0.389344
4591,0.439240
4592,0.386153
4593,0.408753
4594,0.364861
4595,0.359256
4596,0.362237
4597,0.359050
4598,0.358002
4599,0.356190
4600,0.386598
4601,0.356704
4602,0.370453
4603,0.407683
4604,0.374314
4605,0.365364
4606,0.414256
4607,0.404111
4608,0.400711
4609,0.390698
4610,0.361180
4611,0.432947
4612,0.377727
4613,0.391565
4614,0.383479
4615,0.388005
4616,0.369283
4617,0.394948
4618,0.377889
4619,0.389989
4620,0.356485
4621,0.386526
4622,0.362921
4623,0.383498
4624,0.387401
4625,0.359225
4626,0.376863
4627,0.367437
4628,0.376953
4629,0.376276
4630,0.384603
4631,0.359567
4632,0.360582
4633,0.373415
4634,0.380908
4635,0.373209
4636,0.373418
4637,0.361872
4638,0.368708
4639,0.367702
4640,0.367141
4641,0.378993
4642,0.384465
4643,0.381717
4644,0.372067
4645,0.378584
4646,0.357159
4647,0.364697
4648,0.365037
4649,0.355674
4650,0.384854
4651,0.367637
4652,0.393414
4653,0.387236
4654,0.370180
4655,0.381412
4656,0.368733
4657,0.379987
4658,0.379475
4659,0.351320
4660,0.397526
4661,0.379423
4662,0.394604
4663,0.369220
4664,0.372944
4665,0.372372
4666,0.370102
4667,0.400241
4668,0.381332
4669,0.356518
4670,0.381873
4671,0.352840
4672,0.371252
4673,0.364396
4674,0.400805
4675,0.369670
4676,0.367925
4677,0.392546
4678,0.411678
4679,0.365289
4680,0.411686
4681,0.370644
4682,0.368766
4683,0.381101
4684,0.396533
4685,0.379264
4686,0.390479
4687,0.415217
4688,0.395580
4689,0.398976
4690,0.399790
4691,0.357837
4692,0.399596
4693,0.376061
4694,0.369382
4695,0.372165
4696,0.409785
4697,0.377535
4698,0.401740
4699,0.390240
4700,0.353238
4701,0.381224
4702,0.403359
4703,0.374260
4704,0.374765
4705,0.360910
4706,0.372082
4707,0.379420
4708,0.369654
4709,0.380321
4710,0.353811
4711,0.379278
4712,0.371848
4713,0.362308
4714,0.376059
4715,0.365109
4716,0.378319
4717,0.368535
4718,0.375532
4719,0.365878
4720,0.373288
4721,0.357436
4722,0.412724
4723,0.366382
4724,0.369508
4725,0.379470
4726,0.366808
4727,0.385149
4728,0.360658
4729,0.358487
4730,0.358570
4731,0.384750
4732,0.409283
4733,0.374717
4734,0.389788
4735,0.366043
4736,0.369938
4737,0.381083
4738,0.396679
4739,0.371080
4740,0.376185
4741,0.368178
4742,0.367202
4743,0.420810
4744,0.389126
4745,0.371062
4746,0.391271
4747,0.366042
4748,0.390676
4749,0.397156
4750,0.374131
4751,0.389490
4752,0.398128
4753,0.392659
4754,0.365763
4755,0.371452
4756,0.371459
4757,0.406717
4758,0.370626
4759,0.384747
4760,0.361862
4761,0.362967
4762,0.393450
4763,0.387769
4764,0.363506
4765,0.409910
4766,0.364922
4767,0.387759
4768,0.366918
4769,0.372823
4770,0.389362
4771,0.370924
4772,0.368964
4773,0.374049
4774,0.357008
4775,0.375217
4776,0.363046
4777,0.377339
4778,0.364951
4779,0.362358
4780,0.383617
4781,0.410485
4782,0.390234
4783,0.371491
4784,0.375128
4785,0.382769
4786,0.372245
4787,0.379688
4788,0.354851
4789,0.373536
4790,0.383368
4791,0.380102
4792,0.386553
4793,0.371613
4794,0.361978
4795,0.419923
4796,0.370736
4797,0.368405
4798,0.380518
4799,0.367477
4800,0.374366
4801,0.372543
4802,0.378456
4803,0.371471
4804,0.394563
4805,0.360932
4806,0.364377
4807,0.386980
4808,0.357507
4809,0.364439
4810,0.400571
4811,0.352923
4812,0.352572
4813,0.385351
4814,0.370128
4815,0.376610
4816,0.355474
4817,0.368332
4818,0.394696
4819,0.398712
4820,0.364553
4821,0.406401
4822,0.414702
4823,0.371883
4824,0.384626
4825,0.373808
4826,0.372086
4827,0.413494
4828,0.371974
4829,0.367809
4830,0.353927
4831,0.373624
4832,0.365622
4833,0.354110
4834,0.403317
4835,0.386609
4836,0.408835
4837,0.364781
4838,0.381690
4839,0.380469
4840,0.382563
4841,0.407835
4842,0.419829
4843,0.417211
4844,0.411552
4845,0.389061
4846,0.381770
4847,0.388545
4848,0.358392
4849,0.425494
4850,0.373127
4851,0.420762
4852,0.364829
4853,0.368431
4854,0.360654
4855,0.398737
4856,0.381041
4857,0.373419
4858,0.372617
4859,0.391844
4860,0.362005
4861,0.359892
4862,0.377971
4863,0.385778
4864,0.388596
4865,0.365467
4866,0.363258
4867,0.379538
4868,0.442723
4869,0.371244
4870,0.393690
4871,0.356860
4872,0.356724
4873,0.386629
4874,0.385128
4875,0.387406
4876,0.378219
4877,0.377866
4878,0.388299
4879,0.393886
4880,0.408579
4881,0.427925
4882,0.389475
4883,0.377100
4884,0.376060
4885,0.395370
4886,0.397034
4887,0.399395
4888,0.418877
4889,0.429374
4890,0.393359
4891,0.360946
4892,0.392730
4893,0.369824
4894,0.365286
4895,0.372682
4896,0.393619
4897,0.389255
4898,0.388295
4899,0.364867
4900,0.371358
4901,0.406787
4902,0.376722
4903,0.376312
4904,0.360693
4905,0.374832
4906,0.387825
4907,0.362487
4908,0.376211
4909,0.365007
4910,0.376417
4911,0.392493
4912,0.376302
4913,0.361768
4914,0.361350
4915,0.359191
4916,0.363186
4917,0.397489
4918,0.432934
4919,0.367898
4920,0.375841
4921,0.389589
4922,0.368024
4923,0.387261
4924,0.367891
4925,0.392072
4926,0.367397
4927,0.399829
4928,0.386782
4929,0.402212
4930,0.385953
4931,0.382871
4932,0.375730
4933,0.383479
4934,0.374954
4935,0.362902
4936,0.377434
4937,0.365845
4938,0.370881
4939,0.378538
4940,0.370930
4941,0.366919
4942,0.359660
4943,0.363949
4944,0.358774
4945,0.356327
4946,0.388184
4947,0.359113
4948,0.356063
4949,0.378192
4950,0.358304
4951,0.358275
4952,0.355555
4953,0.382085
4954,0.368183
4955,0.415442
4956,0.383803
4957,0.388062
4958,0.356850
4959,0.358229
4960,0.377250
4961,0.373600
4962,0.355914
4963,0.399738
4964,0.385303
4965,0.364723
4966,0.373331
4967,0.399571
4968,0.385701
4969,0.358735
4970,0.368319
4971,0.385961
4972,0.376592
4973,0.395470
4974,0.369333
4975,0.358963
4976,0.392316
4977,0.377698
4978,0.356354
4979,0.366212
4980,0.389242
4981,0.370087
4982,0.373688
4983,0.358650
4984,0.374066
4985,0.362874
4986,0.375695
4987,0.397901
4988,0.355333
4989,0.357567
4990,0.375898
4991,0.367813
4992,0.394331
4993,0.374131
4994,0.368103
4995,0.379468
4996,0.373532
4997,0.382511
4998,0.418166
4999,0.369123
5000,0.370777
5001,0.361387
5002,0.359575
5003,0.386339
5004,0.383476
5005,0.377232
5006,0.402078
5007,0.400922
5008,0.366000
5009,0.361036
5010,0.364461
5011,0.370823
5012,0.363557
5013,0.409331
5014,0.361837
5015,0.389192
5016,0.367830
5017,0.374390
5018,0.355034
5019,0.379003
5020,0.364540
5021,0.359404
5022,0.361736
5023,0.400736
5024,0.357957
5025,0.415580
5026,0.376378
5027,0.356362
5028,0.358120
5029,0.368378
5030,0.361870
5031,0.394976
5032,0.367578
5033,0.393024
5034,0.373812
5035,0.374298
5036,0.363423
5037,0.355002
5038,0.356502
5039,0.355605
5040,0.359018
5041,0.380761
5042,0.367675
5043,0.351932
5044,0.358802
5045,0.399798
5046,0.353682
5047,0.371990
5048,0.404261
5049,0.391605
5050,0.378517
5051,0.399624
5052,0.377972
5053,0.357037
5054,0.355907
5055,0.386521
5056,0.377253
5057,0.395032
5058,0.386356
5059,0.387448
5060,0.390937
5061,0.399020
5062,0.351562
5063,0.392101
5064,0.365755
5065,0.370454
5066,0.374564
5067,0.419966
5068,0.412105
5069,0.373093
5070,0.365437
5071,0.399084
5072,0.360753
5073,0.371984
5074,0.353721
5075,0.393729
5076,0.363862
5077,0.455233
5078,0.365185
5079,0.379640
5080,0.429909
5081,0.434869
5082,0.383711
5083,0.368099
5084,0.389423
5085,0.382260
5086,0.377632
5087,0.388330
5088,0.357891
5089,0.393995
5090,0.370426
5091,0.368467
5092,0.362350
5093,0.357580
5094,0.377819
5095,0.378227
5096,0.422655
5097,0.384397
5098,0.372292
5099,0.395527
5100,0.402937
5101,0.375303
5102,0.364215
5103,0.358185
5104,0.369159
5105,0.357574
5106,0.363375
5107,0.354617
5108,0.369635
5109,0.369128
5110,0.381764
5111,0.359210
5112,0.383777
5113,0.362513
5114,0.365980
5115,0.424972
5116,0.369147
5117,0.372102
5118,0.366708
5119,0.375083
5120,0.384095
5121,0.364012
5122,0.396160
5123,0.384941
5124,0.365394
5125,0.366589
5126,0.365448
5127,0.367581
5128,0.380029
5129,0.355949
5130,0.361132
5131,0.376631
5132,0.354644
5133,0.383313
5134,0.370167
5135,0.372914
5136,0.398756
5137,0.366691
5138,0.375394
5139,0.368652
5140,0.411763
5141,0.372587
5142,0.382280
5143,0.395780
5144,0.395188
5145,0.393572
5146,0.371674
5147,0.371599
5148,0.395211
5149,0.391619
5150,0.386980
5151,0.381774
5152,0.398259
5153,0.400617
5154,0.369523
5155,0.376005
5156,0.408261
5157,0.374832
5158,0.382842
5159,0.385570
5160,0.372009
5161,0.392534
5162,0.398216
5163,0.391283
5164,0.393165
5165,0.370892
5166,0.433579
5167,0.376638
5168,0.393206
5169,0.373767
5170,0.370473
5171,0.358225
5172,0.363438
5173,0.366859
5174,0.369374
5175,0.364443
5176,0.377732
5177,0.363919
5178,0.364406
5179,0.357719
5180,0.363755
5181,0.375355
5182,0.373205
5183,0.373486
5184,0.401400
5185,0.426054
5186,0.374047
5187,0.388419
5188,0.363129
5189,0.365596
5190,0.371094
5191,0.351876
5192,0.363145
5193,0.355127
5194,0.373783
5195,0.359345
5196,0.355102
5197,0.366223
5198,0.359590
5199,0.353511
5200,0.366531
5201,0.359036
5202,0.369068
5203,0.374910
5204,0.359136
5205,0.382936
5206,0.379017
5207,0.364131
5208,0.398910
5209,0.382233
5210,0.377419
5211,0.359642
5212,0.361114
5213,0.357151
5214,0.370813
5215,0.361623
5216,0.379797
5217,0.358385
5218,0.372157
5219,0.366121
5220,0.364672
5221,0.378492
5222,0.362631
5223,0.359744
5224,0.361602
5225,0.395447
5226,0.363486
5227,0.367314
5228,0.380077
5229,0.373133
5230,0.379346
5231,0.365194
5232,0.371837
5233,0.360148
5234,0.381877
5235,0.383529
5236,0.406762
5237,0.370125
5238,0.367942
5239,0.407376
5240,0.396943
5241,0.376551
5242,0.447860
5243,0.353927
5244,0.370145
5245,0.380454
5246,0.367176
5247,0.362872
5248,0.366233
5249,0.363709
5250,0.357958
5251,0.368249
5252,0.364460
5253,0.354575
5254,0.380471
5255,0.380310
5256,0.372908
5257,0.366376
5258,0.373210
5259,0.359588
5260,0.375064
5261,0.432257
5262,0.361670
5263,0.368175
5264,0.367815
5265,0.358800
5266,0.402328
5267,0.406397
5268,0.362143
5269,0.373308
5270,0.375788
5271,0.388123
5272,0.406742
5273,0.367454
5274,0.357907
5275,0.381159
5276,0.371866
5277,0.376225
5278,0.384552
5279,0.392133
5280,0.375683
5281,0.355922
5282,0.375506
5283,0.366887
5284,0.370017
5285,0.374595
5286,0.378628
5287,0.392669
5288,0.365662
5289,0.365799
5290,0.382947
5291,0.365034
5292,0.355245
5293,0.376523
5294,0.365211
5295,0.350008
5296,0.368333
5297,0.369159
5298,0.353399
5299,0.375503
5300,0.382108
5301,0.355129
5302,0.383114
5303,0.360764
5304,0.376056
5305,0.361862
5306,0.362843
5307,0.378734
5308,0.395286
5309,0.380088
5310,0.372889
5311,0.355856
5312,0.356245
5313,0.360936
5314,0.394913
5315,0.357209
5316,0.356687
5317,0.372723
5318,0.421347
5319,0.364006
5320,0.390094
5321,0.360758
5322,0.385826
5323,0.359396
5324,0.385575
5325,0.358395
5326,0.380234
5327,0.354194
5328,0.365476
5329,0.385278
5330,0.399134
5331,0.372085
5332,0.372068
5333,0.361490
5334,0.359316
5335,0.366461
5336,0.382825
5337,0.381503
5338,0.372315
5339,0.359039
5340,0.367891
5341,0.393400
5342,0.378253
5343,0.365145
5344,0.370970
5345,0.393252
5346,0.384332
5347,0.382496
5348,0.366108
5349,0.360795
5350,0.375963
5351,0.372754
5352,0.358132
5353,0.370878
5354,0.370049
5355,0.358152
5356,0.353955
5357,0.377322
5358,0.368629
5359,0.371595
5360,0.359055
5361,0.356110
5362,0.368286
5363,0.373459
5364,0.356898
5365,0.374812
5366,0.367719
5367,0.397077
5368,0.390588
5369,0.406485
5370,0.359832
5371,0.363348
5372,0.370104
5373,0.356114
5374,0.357205
5375,0.382608
5376,0.358704
5377,0.359973
5378,0.365360
5379,0.375016
5380,0.371916
5381,0.391517
5382,0.363769
5383,0.354486
5384,0.376298
5385,0.358828
5386,0.351782
5387,0.353351
5388,0.382931
5389,0.420137
5390,0.394675
5391,0.361581
5392,0.353977
5393,0.364546
5394,0.388984
5395,0.360711
5396,0.368455
5397,0.367376
5398,0.382820
5399,0.387583
5400,0.408561
5401,0.363328
5402,0.375142
5403,0.372205
5404,0.359878
5405,0.353767
5406,0.357185
5407,0.370161
5408,0.380151
5409,0.374202
5410,0.365287
5411,0.361034
5412,0.374746
5413,0.422079
5414,0.355533
5415,0.362172
5416,0.395977
5417,0.356345
5418,0.388108
5419,0.395960
5420,0.382995
5421,0.367517
5422,0.385553
5423,0.382086
5424,0.365114
5425,0.379388
5426,0.372601
5427,0.432953
5428,0.388420
5429,0.356244
5430,0.368407
5431,0.398751
5432,0.390645
5433,0.371532
5434,0.386939
5435,0.382148
5436,0.374427
5437,0.375301
5438,0.380472
5439,0.380413
5440,0.397151
5441,0.374339
5442,0.373789
5443,0.393054
5444,0.372055
5445,0.403147
5446,0.378052
5447,0.359070
5448,0.363943
5449,0.390677
5450,0.399287
5451,0.362416
5452,0.359311
5453,0.365423
5454,0.371206
5455,0.382086
5456,0.389448
5457,0.387247
5458,0.366306
5459,0.356798
5460,0.394420
5461,0.417946
5462,0.372269
5463,0.368285
5464,0.407979
5465,0.358883
5466,0.359604
5467,0.365638
5468,0.357265
5469,0.364425
5470,0.363031
5471,0.371559
5472,0.380217
5473,0.386961
5474,0.389054
5475,0.405352
5476,0.369364
5477,0.359755
5478,0.361275
5479,0.386834
5480,0.364609
5481,0.383054
5482,0.366441
5483,0.406697
5484,0.394943
5485,0.386042
5486,0.408676
5487,0.368364
5488,0.363263
5489,0.375092
5490,0.387637
5491,0.378496
5492,0.358197
5493,0.389583
5494,0.385917
5495,0.382413
5496,0.383193
5497,0.365508
5498,0.396001
5499,0.359598
5500,0.355481
5501,0.375295
5502,0.398237
5503,0.389221
5504,0.371707
5505,0.386518
5506,0.408049
5507,0.374606
5508,0.368735
5509,0.376687
5510,0.367249
5511,0.356118
5512,0.358557
5513,0.368149
5514,0.378276
5515,0.372158
5516,0.369667
5517,0.369672
5518,0.356951
5519,0.381306
5520,0.403402
5521,0.375823
5522,0.388769
5523,0.382596
5524,0.360486
5525,0.356362
5526,0.370546
5527,0.355227
5528,0.374226
5529,0.358606
5530,0.362219
5531,0.392188
5532,0.375838
5533,0.361662
5534,0.359437
5535,0.379061
5536,0.368118
5537,0.363367
5538,0.383248
5539,0.364914
5540,0.359018
5541,0.362917
5542,0.364183
5543,0.430346
5544,0.359692
5545,0.381096
5546,0.383593
5547,0.379977
5548,0.392724
5549,0.389117
5550,0.351034
5551,0.360712
5552,0.385110
5553,0.357126
5554,0.397987
5555,0.379216
5556,0.359691
5557,0.366194
5558,0.382977
5559,0.415290
5560,0.362603
5561,0.377681
5562,0.357679
5563,0.380421
5564,0.358914
5565,0.350968
5566,0.354975
5567,0.353849
5568,0.353282
5569,0.364981
5570,0.392416
5571,0.384467
5572,0.407148
5573,0.396429
5574,0.381613
5575,0.401703
5576,0.393542
5577,0.386055
5578,0.372057
5579,0.383277
5580,0.378307
5581,0.364237
5582,0.384955
5583,0.368815
5584,0.375561
5585,0.381320
5586,0.393105
5587,0.356440
5588,0.361552
5589,0.360788
5590,0.359391
5591,0.377668
5592,0.422534
5593,0.392925
5594,0.387551
5595,0.406629
5596,0.377270
5597,0.360582
5598,0.404657
5599,0.379926
5600,0.365457
5601,0.398466
5602,0.386829
5603,0.380534
5604,0.382283
5605,0.379545
5606,0.372462
5607,0.348498
5608,0.367362
5609,0.383339
5610,0.367890
5611,0.365476
5612,0.392094
5613,0.389725
5614,0.409091
5615,0.380386
5616,0.379604
5617,0.359309
5618,0.391250
5619,0.375023
5620,0.424391
5621,0.355864
5622,0.381452
5623,0.363903
5624,0.368806
5625,0.377886
5626,0.411498
5627,0.398145
5628,0.403228
5629,0.370995
5630,0.364322
5631,0.394230
5632,0.376512
5633,0.384518
5634,0.363220
5635,0.371146
5636,0.359440
5637,0.368367
5638,0.370352
5639,0.360348
5640,0.359281
5641,0.363867
5642,0.361563
5643,0.419435
5644,0.380462
5645,0.357155
5646,0.376905
5647,0.432160
5648,0.364202
5649,0.373453
5650,0.356427
5651,0.357383
5652,0.371459
5653,0.407172
5654,0.374239
5655,0.367452
5656,0.393426
5657,0.358955
5658,0.365457
5659,0.362849
5660,0.382485
5661,0.376537
5662,0.379598
5663,0.377955
5664,0.392831
5665,0.370705
5666,0.375285
5667,0.365948
5668,0.367120
5669,0.366819
5670,0.406085
5671,0.361689
5672,0.383822
5673,0.395034
5674,0.386697
5675,0.390103
5676,0.370515
5677,0.365280
5678,0.434706
5679,0.387804
5680,0.352622
5681,0.435764
5682,0.399892
5683,0.371226
5684,0.421749
5685,0.370028
5686,0.385740
5687,0.418865
5688,0.363654
5689,0.372889
5690,0.378113
5691,0.358405
5692,0.379792
5693,0.380528
5694,0.367413
5695,0.371920
5696,0.384120
5697,0.363494
5698,0.372193
5699,0.372604
5700,0.357186
5701,0.372525
5702,0.375384
5703,0.392483
5704,0.385453
5705,0.353135
5706,0.376095
5707,0.371255
5708,0.372660
5709,0.379691
5710,0.363186
5711,0.378712
5712,0.373005
5713,0.364062
5714,0.392759
5715,0.390063
5716,0.364241
5717,0.364874
5718,0.391878
5719,0.372478
5720,0.419034
5721,0.391580
5722,0.393532
5723,0.372243
5724,0.377276
5725,0.362549
5726,0.389249
5727,0.375926
5728,0.376082
5729,0.379433
5730,0.380119
5731,0.377483
5732,0.357822
5733,0.370598
5734,0.387541
5735,0.383295
5736,0.364505
5737,0.372355
5738,0.426435
5739,0.363800
5740,0.362169
5741,0.366675
5742,0.354913
5743,0.389667
5744,0.375607
5745,0.362632
5746,0.382257
5747,0.387047
5748,0.374051
5749,0.380402
5750,0.354619
5751,0.382724
5752,0.367092
5753,0.363831
5754,0.362880
5755,0.416019
5756,0.371592
5757,0.383654
5758,0.383938
5759,0.419194
5760,0.362875
5761,0.384085
5762,0.375472
5763,0.393767
5764,0.390584
5765,0.371602
5766,0.368466
5767,0.360041
5768,0.367647
5769,0.358893
5770,0.382162
5771,0.364006
5772,0.361090
5773,0.371047
5774,0.366383
5775,0.361107
5776,0.364741
5777,0.357117
5778,0.377357
5779,0.367441
5780,0.354560
5781,0.368098
5782,0.357518
5783,0.362800
5784,0.412647
5785,0.365230
5786,0.384443
5787,0.360718
5788,0.395856
5789,0.372660
5790,0.361961
5791,0.366299
5792,0.373019
5793,0.397461
5794,0.366252
5795,0.373826
5796,0.360911
5797,0.360743
5798,0.372916
5799,0.363597
5800,0.367147
5801,0.360339
5802,0.359635
5803,0.360793
5804,0.357934
5805,0.361059
5806,0.377002
5807,0.364597
5808,0.358788
5809,0.392312
5810,0.390441
5811,0.432699
5812,0.385876
5813,0.376425
5814,0.366373
5815,0.379283
5816,0.382859
5817,0.389876
5818,0.411738
5819,0.388055
5820,0.377644
5821,0.381253
5822,0.376275
5823,0.371382
5824,0.369379
5825,0.367288
5826,0.357710
5827,0.364370
5828,0.370056
5829,0.370828
5830,0.381918
5831,0.380602
5832,0.373294
5833,0.375077
5834,0.355018
5835,0.361609
5836,0.354227
5837,0.374411
5838,0.372726
5839,0.374741
5840,0.387604
5841,0.356349
5842,0.362443
5843,0.358055
5844,0.351038
5845,0.379519
5846,0.370010
5847,0.375486
5848,0.358208
5849,0.360458
5850,0.362938
5851,0.380918
5852,0.362861
5853,0.361794
5854,0.373013
5855,0.382853
5856,0.375852
5857,0.381677
5858,0.360544
5859,0.368482
5860,0.386786
5861,0.357341
5862,0.415376
5863,0.414250
5864,0.392568
5865,0.414065
5866,0.421171
5867,0.424053
5868,0.433256
5869,0.445490
5870,0.362987
5871,0.449176
5872,0.388826
5873,0.418828
5874,0.356912
5875,0.384427
5876,0.387444
5877,0.383558
5878,0.388728
5879,0.350932
5880,0.360002
5881,0.397380
5882,0.367542
5883,0.359940
5884,0.370213
5885,0.392130
5886,0.377126
5887,0.382402
5888,0.368043
5889,0.387726
5890,0.395560
5891,0.366613
5892,0.378217
5893,0.410463
5894,0.367988
5895,0.357437
5896,0.376636
5897,0.389882
5898,0.367423
5899,0.401007
5900,0.366224
5901,0.373242
5902,0.391146
5903,0.389272
5904,0.370270
5905,0.381905
5906,0.377346
5907,0.372553
5908,0.364227
5909,0.376554
5910,0.369016
5911,0.383879
5912,0.365574
5913,0.372808
5914,0.382529
5915,0.396731
5916,0.366322
5917,0.399811
5918,0.397053
5919,0.384935
5920,0.394747
5921,0.381167
5922,0.385933
